,predictions
0,0.4777399999999998
1,0.6475799999999999
2,4.454995899999995
3,2.500259999999999
4,2.635779999999999
5,1.7172100000000001
6,2.4490799999999995
7,1.6408400000000003
8,2.813590299999999
9,4.867617499999991
10,1.3725700000000003
11,2.1790799999999972
12,1.9112000000000007
13,1.8338800000000006
14,2.59644
15,1.6244099999999995
16,1.8675699999999995
17,1.6027599999999995
18,1.5129399999999995
19,0.8718999999999997
20,4.279382899999998
21,4.119143299999996
22,1.2653999999999999
23,4.1487018
24,1.6864199999999985
25,0.5131099999999998
26,1.65368
27,1.0632599999999999
28,1.6345599999999998
29,3.7316203999999997
30,0.9017799999999992
31,1.4236299999999995
32,2.4498203000000003
33,3.466510499999998
34,2.934550000000001
35,2.4858199999999986
36,3.421750300000001
37,1.5930899999999995
38,1.4440699999999995
39,1.5576399999999995
40,2.946020200000001
41,0.8753200000000002
42,1.0391199999999994
43,2.0982201000000007
44,1.45687
45,2.1593299999999993
46,1.3826200000000008
47,1.7319699999999996
48,2.3527999999999984
49,1.0453299999999992
50,2.5984600000000007
51,2.006779999999999
52,1.5100900000000008
53,0.7304199999999998
54,1.3769600000000002
55,1.3693800000000007
56,0.7743099999999999
57,2.224049999999999
58,2.5957699999999995
59,2.42517
60,4.232252499999996
61,2.5401401999999997
62,0.9671999999999997
63,0.9524399999999998
64,2.9438899999999997
65,1.7139399999999996
66,1.1802599999999999
67,1.5149200000000005
68,1.9339701
69,1.6448500000000004
70,1.1912599999999989
71,2.0107399999999993
72,0.8266699999999997
73,1.7377299999999993
74,2.2015999999999996
75,2.364160000000001
76,4.183290800000001
77,2.168640000000002
78,1.7339100000000003
79,3.0152402000000005
80,0.8823900000000005
81,1.7322099999999998
82,1.8612199999999992
83,1.89756
84,4.047272799999995
85,2.261090000000001
86,0.8589997000000001
87,0.7283300000000001
88,1.9794999999999998
89,1.9602199999999987
90,1.0479599999999996
91,2.5448199999999987
92,0.8606099999999997
93,0.48974999999999996
94,0.9926300000000002
95,1.08839
96,4.183822599999998
97,2.2497109000000006
98,1.4966604000000001
99,1.760569999999999
100,1.3938499999999996
101,4.244962999999999
102,3.1914413
103,2.656280100000001
104,2.1284099999999997
105,1.5483699999999998
106,2.3618601000000004
107,3.0627504999999995
108,2.662540000000001
109,0.7922700000000005
110,1.3749500000000006
111,2.28576
112,3.3122540999999974
113,3.5184710999999997
114,1.3557599999999999
115,1.9059799999999998
116,1.7090100000000001
117,3.0488001999999996
118,2.4008599999999998
119,2.48689
120,2.0351400000000006
121,1.609349999999999
122,3.2923406
123,2.047439999999999
124,1.5286399999999998
125,0.6732299999999999
126,1.810310000000001
127,2.24413
128,2.893880099999998
129,1.305800000000001
130,3.2069701000000004
131,4.978689599999989
132,2.773810000000002
133,0.7092199999999999
134,2.021669999999999
135,1.1525600000000003
136,2.05848
137,3.014630000000001
138,2.349530000000001
139,2.9001799999999993
140,2.4250901999999983
141,1.2247499999999993
142,1.4188700000000003
143,2.7008899999999985
144,4.051791300000001
145,1.5852399999999995
146,4.453635299999995
147,2.2932899999999976
148,1.19125
149,1.0823401000000006
150,1.984939999999999
151,1.1442700000000001
152,1.6103900000000004
153,1.44923
154,3.0074502000000005
155,2.9241401000000002
156,2.1596999999999995
157,2.478599999999999
158,0.8312599999999998
159,1.0091699999999997
160,1.6569200000000002
161,2.134199999999999
162,3.9933201999999994
163,1.4220699999999997
164,0.8645600000000002
165,2.8112902999999987
166,2.0507501
167,0.8576000000000001
168,2.111079999999999
169,2.46433
170,3.1938399999999985
171,2.871270399999998
172,2.653060199999999
173,2.93399
174,0.5972599999999997
175,0.7101699
176,0.9277700000000004
177,1.0658900000000004
178,1.4924399999999998
179,0.7536699999999995
180,3.4193101000000006
181,3.4257203999999994
182,1.6148999999999993
183,2.8459401000000004
184,0.55336
185,1.0059399999999998
186,1.5586999999999995
187,2.5215101
188,4.2655033999999965
189,2.8835699999999997
190,1.4188400000000008
191,2.5802599999999996
192,1.5031999999999996
193,1.9058099999999998
194,1.6113899999999994
195,0.9398200000000005
196,2.0947900999999987
197,0.8516599999999996
198,5.000009999999989
199,1.0387699999999997
200,3.016649999999997
201,4.699316299999993
202,3.18658
203,1.9773500000000002
204,1.69165
205,2.31682
206,1.1212
207,1.0260500000000004
208,1.9168799999999988
209,2.2391500000000018
210,1.0158099999999994
211,4.998729899999989
212,2.3779600000000007
213,2.9626504999999974
214,1.2304799999999996
215,1.45031
216,2.0003200000000008
217,0.5820800000000002
218,2.8949700000000025
219,1.0572799999999998
220,1.1565000000000003
221,1.8039699999999996
222,3.1811903999999993
223,1.4034401000000005
224,0.9145800000000005
225,1.8556400000000004
226,3.3500700000000023
227,0.7889
228,2.257630100000002
229,2.8674999999999993
230,3.0122000999999994
231,3.0252501000000014
232,1.1586299999999996
233,4.265062400000001
234,1.31316
235,0.7440700000000001
236,4.338401299999998
237,4.96848929999999
238,1.30446
239,2.7091502
240,2.2203505999999997
241,1.1163500000000006
242,1.7096399999999996
243,1.53487
244,1.7266599999999996
245,2.37658
246,3.253070299999999
247,2.401819999999999
248,3.2018708000000005
249,1.4748
250,1.2336499999999995
251,2.285909999999999
252,1.628619999999999
253,1.3405299999999993
254,0.6968899999999997
255,2.4196702
256,1.7720499999999992
257,1.2074100000000003
258,1.1297199999999998
259,1.6331499999999997
260,1.7727500000000012
261,2.8591901000000006
262,3.6949700000000023
263,1.7845
264,0.7617900000000002
265,4.152422099999996
266,1.1788299999999996
267,1.7419900000000004
268,3.9034215999999993
269,1.17468
270,5.000009999999989
271,2.143519999999999
272,1.69076
273,1.8483999999999994
274,1.8189999999999997
275,1.0363901000000006
276,1.95648
277,1.2415500000000004
278,1.3943200000000004
279,1.8519000000000003
280,1.5782500000000002
281,3.0220807999999995
282,1.1905100000000004
283,1.17544
284,3.4337709999999997
285,3.609391099999998
286,3.237950000000002
287,1.4524299999999997
288,2.463750100000002
289,4.856038099999992
290,1.5686199999999995
291,1.01157
292,1.6034199999999992
293,2.492980399999999
294,1.8107300000000008
295,0.87009
296,4.110151299999998
297,0.5169199999999998
298,2.4812700000000003
299,1.7606199999999999
300,0.8112700000000007
301,0.7560600000000001
302,4.97922969999999
303,1.1625000000000005
304,1.0475400000000004
305,4.494792499999997
306,2.4496502000000007
307,0.60239
308,3.7353307999999985
309,1.6661499999999996
310,1.6710699999999994
311,2.5433202999999995
312,2.6565906999999993
313,2.9205002
314,5.000009999999989
315,1.5289199999999994
316,0.7543499999999996
317,2.2769801999999997
318,1.6687699999999999
319,3.7074515999999984
320,2.5372300000000005
321,2.4236700000000004
322,2.5542813000000004
323,4.8775281999999915
324,2.0332300000000005
325,1.5668700000000002
326,1.9890999999999996
327,0.9001700000000004
328,1.4917699999999992
329,1.63369
330,1.2411499999999995
331,2.2242505
332,3.4473803999999997
333,2.469780099999999
334,0.7093799999999998
335,2.371009999999999
336,1.1630000000000007
337,0.7205299999999998
338,0.7570400000000003
339,3.974850999999999
340,2.2631900000000007
341,0.6690400000000003
342,0.6612399999999997
343,2.13134
344,2.210270000000001
345,1.0640899999999995
346,3.949970999999999
347,3.3544005000000006
348,4.958419499999989
349,2.38555
350,2.1042701
351,1.8483800000000006
352,0.9738500000000007
353,1.2273400000000005
354,3.4153539999999976
355,2.2102900000000014
356,0.8567699999999998
357,1.99465
358,3.0190799999999998
359,2.9534408999999986
360,4.266982799999999
361,2.345250200000001
362,2.5881800000000004
363,1.4095099999999996
364,1.3077100000000002
365,1.6439399999999997
366,2.3920899999999996
367,4.4595131999999955
368,2.9311700000000007
369,2.26289
370,1.7994800000000004
371,1.4328899999999998
372,0.6035099999999997
373,0.8038100000000001
374,2.7762101
375,2.0662699999999994
376,1.5397700000000005
377,1.3250499999999985
378,0.7994099999999997
379,1.66926
380,3.4128799999999986
381,4.937887599999993
382,1.7651200000000011
383,1.1575299999999995
384,3.056450399999999
385,4.197843399999999
386,0.8003399999999996
387,1.62291
388,1.27566
389,2.2078102
390,2.1176599999999985
391,0.9324000000000006
392,1.1444599999999996
393,1.1754399999999994
394,1.765139999999999
395,1.6322099999999997
396,4.9926397999999885
397,3.4015404999999985
398,1.7319800000000003
399,2.2222200000000005
400,3.9358612999999973
401,2.4220800000000007
402,1.6461600000000012
403,2.06817
404,2.4263000000000003
405,1.0114000000000005
406,4.797356799999992
407,1.65355
408,1.4407599999999996
409,2.3392500000000007
410,1.05414
411,4.9998698999999895
412,2.25525
413,1.2323200000000003
414,1.1690500000000001
415,2.219190000000001
416,4.194503099999999
417,1.2056700000000005
418,3.4747513
419,1.6212400000000005
420,1.2991900000000007
421,1.60089
422,1.9805701000000004
423,1.1846500000000004
424,3.414612299999998
425,2.181329999999999
426,2.924270099999999
427,1.9345400000000001
428,3.1012901000000004
429,2.925110599999999
430,0.8408299999999995
431,2.0701399999999994
432,2.499489999999998
433,1.42725
434,1.6324399999999988
435,3.1320902
436,2.88614
437,1.2916800000000002
438,2.1864499999999993
439,2.31362
440,2.3293700999999998
441,1.1949900000000007
442,3.989911299999997
443,3.8373005
444,1.0049099999999997
445,1.68831
446,3.0188901999999995
447,1.2383899999999994
448,0.9031300000000003
449,2.4789200999999985
450,3.6031910999999983
451,2.1920701999999994
452,4.670054899999994
453,0.9449599999999999
454,1.7201799999999998
455,3.3837500000000005
456,2.977369999999999
457,2.3371400000000007
458,2.121109999999998
459,0.6930600000000001
460,1.1916299999999997
461,4.244331
462,1.6259800000000002
463,1.2080300000000004
464,1.1248600000000004
465,1.42158
466,2.279500199999998
467,2.2844999999999986
468,1.0901299999999994
469,1.15832
470,1.8941999999999988
471,1.3676499999999994
472,0.8838500000000002
473,1.0394300000000003
474,3.8632020999999965
475,1.2682000000000007
476,1.0146100000000002
477,0.72709
478,1.7492399999999992
479,0.7725199999999997
480,1.6162500000000006
481,1.6051600000000001
482,2.474310099999999
483,3.2821199999999995
484,1.2028599999999998
485,1.6260099999999995
486,1.5346100000000005
487,2.7509399999999995
488,1.4256999999999989
489,3.4499004999999983
490,0.9345500000000002
491,0.8291500000000002
492,1.0850199999999994
493,0.5481199999999998
494,3.4086101999999987
495,0.65801
496,2.9218100999999974
497,3.3339300999999977
498,2.0448899999999997
499,2.657660100000001
500,1.9933500000000004
501,2.9039300000000003
502,2.4123299999999976
503,0.8938100000000001
504,2.4718999999999998
505,2.751990000000002
506,2.5139300000000007
507,2.9031801000000006
508,4.6728145999999935
509,2.60805
510,1.5606299999999995
511,1.95957
512,3.073359999999999
513,4.756716299999995
514,2.0278099999999992
515,3.712561999999999
516,1.7605499999999994
517,2.3805300999999983
518,0.6481900000000003
519,2.489389999999999
520,2.8943402000000016
521,1.2364999999999997
522,3.0917809000000007
523,1.42983
524,1.8093200000000003
525,2.2009300000000014
526,1.7297803000000003
527,0.6280199999999999
528,1.8345099999999999
529,2.6511601000000007
530,1.4503799999999996
531,0.9108700000000001
532,2.8319303
533,1.9784700000000002
534,1.6415299999999993
535,2.323789999999997
536,2.7744999999999993
537,1.0946899999999995
538,2.3038301000000003
539,0.6373400000000004
540,2.192319999999999
541,3.416280199999999
542,2.596249999999999
543,1.8544499999999997
544,1.9203399999999988
545,4.499564399999999
546,1.7591299999999996
547,5.000009999999989
548,2.4939499999999986
549,1.11729
550,1.1338300000000006
551,2.5361999999999987
552,1.3394699999999995
553,1.1034800000000005
554,1.4140799999999998
555,2.9461899999999996
556,1.2298000999999996
557,1.1792700000000003
558,0.8887799999999999
559,1.16486
560,3.9869524999999983
561,4.132463099999998
562,2.3397600000000005
563,3.3702413999999994
564,1.4762600000000003
565,4.013851199999996
566,3.455230899999999
567,2.8421401
568,2.5875600000000003
569,1.7965001
570,3.7386204000000003
571,0.5134799999999997
572,1.944809999999999
573,1.6843099999999993
574,1.2106999999999999
575,0.9823999999999998
576,0.8631300000000003
577,1.6368300000000002
578,2.3093715000000006
579,2.9484099999999995
580,3.146630100000001
581,4.920878699999991
582,4.741743799999998
583,1.460300000000001
584,2.2923299999999998
585,3.949731
586,1.8997999999999984
587,1.6809200000000002
588,0.9199500000000004
589,1.9013999999999995
590,0.8135799999999999
591,1.0406399999999998
592,2.1112200000000008
593,1.36742
594,0.5202900000000003
595,2.6478
596,1.3783200999999994
597,1.0057900000000002
598,1.4718500000000003
599,4.0460603
600,0.9427399999999999
601,2.4207300000000003
602,2.314039999999999
603,1.37804
604,0.7456799999999998
605,2.190909999999998
606,2.2253499999999993
607,3.8155808
608,3.3723001999999993
609,0.6293699999999997
610,1.711570099999999
611,1.6245200000000002
612,0.8122999999999998
613,2.6949301000000023
614,3.002820100000002
615,2.2555299999999985
616,2.40106
617,2.6239006000000002
618,2.43101
619,1.9048006000000002
620,3.1363499999999997
621,3.0625002000000006
622,2.7992500999999987
623,2.65735
624,4.998319899999989
625,2.8226399999999994
626,1.8145699999999996
627,2.343790100000001
628,4.825857399999991
629,3.09841
630,3.6960302
631,2.0028301000000006
632,1.4507299999999999
633,0.6735100000000003
634,1.12785
635,3.2843814999999976
636,1.8114800999999998
637,2.8214100000000015
638,1.5863399999999999
639,0.7920999999999998
640,2.1499099999999998
641,1.510480000000001
642,2.0501199999999993
643,0.6365799999999999
644,4.382573199999995
645,2.625919999999998
646,1.0203099999999998
647,0.9783199999999997
648,2.7861599999999993
649,2.4188000999999995
650,0.9008200000000004
651,2.575080099999999
652,0.85336
653,1.0470400000000004
654,1.3134499999999993
655,2.5981901
656,1.11101
657,1.1176799999999993
658,2.16362
659,2.1927399999999992
660,2.62843
661,1.7094300000000002
662,3.483870600000001
663,0.8727200000000002
664,2.42652
665,1.36202
666,0.6795700000000001
667,1.4892399999999997
668,0.8779300000000005
669,1.7262600000000001
670,1.972850000000001
671,2.216359999999999
672,4.776205399999995
673,1.26809
674,1.1487700000000005
675,1.8474300000000006
676,1.11706
677,1.20086
678,3.3591302
679,4.963196999999993
680,1.6732600000000009
681,0.81749
682,1.6997400000000005
683,3.2229005999999982
684,3.137760300000002
685,3.0309803000000004
686,4.510424699999994
687,1.846509999999999
688,2.1107399999999994
689,0.6693099999999995
690,0.50846
691,2.090920100000001
692,2.3983001000000006
693,1.4036899999999997
694,2.0196899999999993
695,1.0997899999999996
696,0.5951599999999995
697,1.7266699999999988
698,1.8033900000000003
699,4.740706499999992
700,1.0004200000000003
701,2.3019200999999994
702,2.4060000999999986
703,1.8909399999999998
704,1.60964
705,3.7744807999999996
706,1.70982
707,2.104780000000001
708,2.0493400000000004
709,1.7905999999999986
710,4.439556199999994
711,1.9183100000000004
712,3.5047702999999997
713,2.6564399999999995
714,0.9083099999999997
715,1.3155500000000004
716,2.8036800000000004
717,0.8804799999999999
718,3.3256802999999984
719,0.8640600000000004
720,3.9794313999999984
721,2.07688
722,0.8693299999999998
723,3.0287802
724,3.4754034999999983
725,1.14547
726,2.9036409999999995
727,0.7829499999999999
728,0.7974300000000001
729,3.829000299999998
730,1.85415
731,0.9217600000000001
732,2.3231799999999985
733,2.2051500000000015
734,4.563415199999994
735,0.7232999999999998
736,1.1900800000000005
737,2.8206900000000004
738,1.4189200000000002
739,2.6838099999999985
740,1.4123
741,1.5672300000000001
742,1.26347
743,4.531815199999995
744,1.6442
745,3.443870999999999
746,1.7564699999999993
747,1.0958000000000003
748,2.406420200000001
749,1.3845100000000001
750,1.0672800000000002
751,3.6891207
752,2.9496308
753,2.2824700000000018
754,3.059460299999999
755,3.4671901999999983
756,1.3739200000000005
757,2.2500500999999993
758,1.71364
759,2.2026899999999987
760,1.3944599999999996
761,2.0113299999999996
762,2.313482300000001
763,4.354935099999994
764,3.0912501000000008
765,0.8353400000000003
766,2.4458200999999993
767,3.1363100000000004
768,2.8384804
769,0.9505900000000003
770,1.7734200000000002
771,4.852677799999991
772,0.7502598999999996
773,1.9917700000000003
774,2.269330000000002
775,2.2510700000000003
776,0.8197699999999999
777,1.2766899999999994
778,1.8824899999999998
779,1.2335100000000008
780,1.0679699999999994
781,1.28357
782,2.446300000000001
783,4.101663499999996
784,1.8788199999999995
785,2.7579313999999995
786,2.732030000000001
787,1.0871999999999997
788,0.7457399999999997
789,2.44548
790,1.2424499999999994
791,1.07506
792,1.6315300000000006
793,1.2898400000000012
794,4.421923399999996
795,2.3885202000000003
796,4.698315899999994
797,2.108489999999999
798,3.389520300000001
799,1.9263999999999988
800,1.5636007000000012
801,0.8136700000000002
802,2.712800099999999
803,2.2911299999999994
804,1.9715999999999996
805,0.5420799999999999
806,2.1497099999999993
807,0.6890700000000001
808,1.7249200000000002
809,2.9489400999999993
810,1.53438
811,1.8177901999999997
812,1.6067499999999995
813,2.28205
814,0.9943900000000001
815,2.515760100000001
816,2.1669799999999997
817,2.2625100000000002
818,1.3959999999999997
819,2.0507611999999993
820,3.744151599999999
821,1.5567300000000004
822,1.4457299999999995
823,2.701669999999997
824,2.3125199999999997
825,4.8499479999999915
826,3.786162
827,1.8450099999999998
828,1.9960200000000006
829,1.2143700000000002
830,0.6490000000000004
831,1.5232600000000007
832,1.6175299999999995
833,3.291460100000001
834,2.7340801000000012
835,0.7076300000000001
836,1.9416202999999987
837,4.97766959999999
838,1.8867799999999995
839,2.6148499999999997
840,1.49188
841,1.4084300000000005
842,2.8976899999999994
843,0.7679099
844,1.2317400000000007
845,0.8855
846,0.50298
847,1.60249
848,2.1553699999999982
849,2.8470803
850,1.9378799999999996
851,2.3682399999999997
852,3.4069905999999985
853,1.1399000000000001
854,1.6255000000000002
855,2.3184399999999985
856,2.9173201
857,2.6019999999999985
858,2.046640099999999
859,2.527749999999999
860,2.5846901000000004
861,2.3147400999999994
862,3.0588500999999995
863,0.8231500000000002
864,2.0139899999999997
865,0.6481599999999998
866,1.9429700000000016
867,3.139819999999998
868,2.7764900999999993
869,4.058592299999997
870,1.8908500000000004
871,2.1800099999999993
872,2.2976011
873,1.5433300000000005
874,2.2229100000000006
875,0.6717499999999998
876,3.222890000000001
877,2.892530000000002
878,2.3171600000000003
879,1.51011
880,2.5389699999999995
881,1.81101
882,2.7684900999999993
883,1.6176399999999995
884,1.4301899999999994
885,2.1162799999999993
886,0.7911100000000002
887,1.9485099999999989
888,2.28393
889,2.137009999999999
890,1.5092800000000008
891,0.90775
892,0.94337
893,3.9231415999999997
894,2.6188799999999985
895,0.7157300000000001
896,2.2247500999999996
897,1.5835199999999998
898,2.0052104000000015
899,2.11325
900,2.186960000000001
901,1.1940600000000001
902,1.0225
903,1.88806
904,1.6370500000000003
905,2.068909999999997
906,3.9986639999999953
907,2.3877001999999994
908,1.0520799999999992
909,2.9708499999999987
910,2.13755
911,3.2629212
912,1.2049800000000002
913,1.6818699999999995
914,4.846014799999997
915,0.7780199999999995
916,2.1720499999999996
917,0.6815100000000003
918,1.00598
919,2.8687802999999987
920,0.9272199999999997
921,3.651782299999998
922,1.3494199999999994
923,0.7386699999999996
924,0.9314299999999999
925,0.7740500000000003
926,1.3091899999999992
927,3.23274
928,1.7866000000000002
929,4.617174099999997
930,1.5863799999999995
931,3.7202204
932,2.6825102000000016
933,1.2736999999999998
934,1.882369999999999
935,2.0630600000000006
936,3.7123012999999996
937,2.7913000000000006
938,1.0344700000000007
939,0.9029699999999994
940,2.696520700000001
941,2.2919899999999997
942,3.4007106999999963
943,1.7744100000000003
944,3.0990401000000003
945,0.76924
946,0.6574499999999999
947,1.5659199999999998
948,1.2360900000000001
949,3.1982700999999993
950,4.1543528999999975
951,2.0638901
952,1.73904
953,1.2203404999999996
954,1.5992400000000004
955,3.0601900999999985
956,1.4971100000000006
957,1.3570199999999997
958,1.8353000000000006
959,1.55377
960,1.0082199999999997
961,5.000009999999989
962,1.4482500000000007
963,5.000009999999989
964,3.0477100000000004
965,1.0621699999999998
966,3.015990000000001
967,2.1941099999999993
968,1.7964399999999991
969,0.5032499999999999
970,2.03611
971,2.5839401000000004
972,1.8321599999999998
973,2.35678
974,2.034730100000001
975,2.1013599999999997
976,2.344180000000001
977,2.9184100000000006
978,1.1022100000000001
979,1.3085699999999998
980,0.8872299999999999
981,3.1766799999999993
982,2.47819
983,2.3152400000000006
984,2.9750205999999997
985,1.3319599999999996
986,2.344879999999999
987,4.978459499999989
988,1.8953699999999991
989,3.569910200000001
990,1.7197299999999998
991,3.4766403999999977
992,0.9840999999999995
993,0.9716799999999999
994,2.60539
995,2.6465101
996,0.80814
997,1.5250900000000007
998,5.000009999999989
999,2.704929999999999
1000,1.7884400000000005
1001,1.0534700000000004
1002,2.6199300000000005
1003,4.0599922
1004,1.4266800000000002
1005,2.3763802
1006,1.8647600999999994
1007,2.8333400000000006
1008,1.6942300000000006
1009,2.680519999999999
1010,1.2783700000000007
1011,2.38361
1012,3.127250099999999
1013,2.2555900000000007
1014,4.509214999999995
1015,1.4054900000000001
1016,2.249310000000001
1017,2.926540299999999
1018,1.0041899999999997
1019,1.9004000000000003
1020,1.1408199999999997
1021,5.000009999999989
1022,1.26254
1023,2.163400000000001
1024,1.4475099999999999
1025,2.022829999999999
1026,1.7164999999999992
1027,1.6789399999999999
1028,2.9455506999999996
1029,2.3611400999999996
1030,4.031601899999999
1031,4.1072606
1032,1.9071300000000004
1033,4.285183399999999
1034,1.5726501000000004
1035,1.2347800000000004
1036,0.6510800000000003
1037,2.192809999999999
1038,2.01033
1039,3.9802108999999977
1040,3.1642001000000004
1041,0.8492599999999996
1042,1.499989999999999
1043,0.6111
1044,1.9726300000000003
1045,2.2365999999999997
1046,1.1530300000000004
1047,1.9025000000000012
1048,1.0610199999999994
1049,3.151060199999998
1050,1.39024
1051,1.1457699999999993
1052,1.6482299999999992
1053,2.82137
1054,0.9876100000000002
1055,1.0952
1056,0.7352400000000001
1057,4.404564699999995
1058,1.0271099999999995
1059,0.77586
1060,2.2767199999999996
1061,1.6569399999999994
1062,1.2242499999999996
1063,3.705180000000003
1064,0.95624
1065,1.9197499999999985
1066,0.9558799999999998
1067,1.3908299999999993
1068,1.3431699999999993
1069,1.8779899999999992
1070,1.5966299999999998
1071,0.9374700000000001
1072,1.3768300000000002
1073,3.654631999999999
1074,1.7585099999999985
1075,3.0411509999999997
1076,0.7630900000000003
1077,0.6622800000000001
1078,3.286850399999998
1079,1.1552199999999988
1080,4.999869899999989
1081,4.041943799999996
1082,2.0307499999999994
1083,1.7143599999999999
1084,1.8806099999999994
1085,0.96139
1086,2.8844200000000013
1087,1.6509299999999996
1088,1.9433599999999995
1089,2.1559100000000018
1090,1.7645300000000004
1091,1.2524900000000003
1092,0.8458200000000001
1093,3.694731999999998
1094,2.8796504
1095,2.14711
1096,2.40154
1097,1.99979
1098,2.2155000000000005
1099,1.1949
1100,0.9434600000000003
1101,1.5243899999999995
1102,4.550175099999999
1103,0.7261799999999995
1104,1.2100799999999998
1105,0.9684600000000003
1106,1.0340100000000008
1107,2.9677305999999994
1108,0.6791199999999995
1109,1.770999999999999
1110,1.4264502000000008
1111,4.124751399999998
1112,4.005831299999997
1113,2.3996300000000006
1114,2.461110100000001
1115,2.015149999999999
1116,4.149343999999998
1117,2.848040799999999
1118,1.63899
1119,1.4792499999999997
1120,2.128359999999999
1121,1.1687899999999996
1122,1.551410100000001
1123,0.9316299999999998
1124,3.2691402999999997
1125,1.6724600000000003
1126,1.4078200000000003
1127,2.1507500000000013
1128,3.3903402000000007
1129,3.926591599999997
1130,1.40796
1131,2.3061409
1132,0.9421599999999998
1133,1.1641800000000002
1134,1.38216
1135,2.498699999999999
1136,1.7050199999999986
1137,0.6955899999999998
1138,2.9366107999999995
1139,1.2318499999999992
1140,2.6391800000000005
1141,2.317130199999999
1142,0.7829499999999996
1143,1.2326400000000008
1144,1.1074699999999995
1145,2.39969
1146,0.77875
1147,0.8307100000000002
1148,0.8839299999999999
1149,1.8140800000000001
1150,4.993919899999989
1151,0.9977600000000001
1152,2.5999102
1153,0.8718199999999997
1154,0.6853500000000001
1155,0.9149900000000002
1156,0.9937900000000001
1157,1.9961900000000006
1158,1.5521700000000005
1159,3.5371517999999997
1160,2.10165
1161,2.0295099999999993
1162,0.8469000000000002
1163,2.316110800000001
1164,1.3264799999999999
1165,1.1001500000000004
1166,2.6319811
1167,2.3452699999999997
1168,1.9071199999999993
1169,0.9380599999999996
1170,0.6524500000000002
1171,0.5291800000000001
1172,2.2672201000000003
1173,3.8023712999999986
1174,1.53118
1175,1.61101
1176,0.7208499
1177,1.8598799999999982
1178,1.6579999999999986
1179,4.0639828999999965
1180,0.78004
1181,1.0832300000000006
1182,2.0211400000000013
1183,1.6512799999999996
1184,3.045870899999999
1185,3.0469801000000003
1186,2.1475400000000002
1187,1.4622799999999998
1188,1.1460900000000003
1189,2.444470000000001
1190,3.034470200000001
1191,2.0898300000000005
1192,2.0875202
1193,1.7432399999999995
1194,2.418850000000001
1195,1.2858500000000002
1196,1.2429
1197,3.0018301000000003
1198,2.0182800000000003
1199,3.548130299999999
1200,1.9777899999999997
1201,2.4996600000000004
1202,0.5944700000000003
1203,0.6690000000000002
1204,4.955339299999991
1205,2.846040199999999
1206,4.514512699999997
1207,2.168539999999999
1208,2.6916900000000004
1209,4.063024899999997
1210,2.395159999999999
1211,1.0987
1212,0.6896400000000001
1213,2.325940000000001
1214,4.051903099999998
1215,2.858730000000002
1216,1.0082200000000003
1217,3.8930710999999976
1218,1.85902
1219,3.2605803000000004
1220,2.742990300000001
1221,1.3833799999999992
1222,4.0318816
1223,2.276169999999999
1224,1.923159999999999
1225,2.63659
1226,1.1577600000000008
1227,2.2928
1228,1.5183900000000004
1229,2.90709
1230,4.9457796999999895
1231,1.3966000000000003
1232,0.6972199999999996
1233,1.0495400000000004
1234,1.9550299999999998
1235,0.7608400000000001
1236,1.6292500000000003
1237,1.715370000000001
1238,1.183669999999999
1239,3.338380000000003
1240,0.8436599999999999
1241,2.6419701000000004
1242,1.60758
1243,4.996949899999989
1244,3.5380330999999967
1245,1.5803099999999999
1246,0.9822
1247,1.079230000000001
1248,4.974449799999989
1249,1.2767999999999995
1250,2.19355
1251,1.84392
1252,2.9458601999999985
1253,2.991062099999998
1254,2.030459999999999
1255,2.6672902
1256,3.4363110999999997
1257,1.1690800000000001
1258,3.1116611
1259,2.47236
1260,1.9670100000000006
1261,2.4717399999999996
1262,0.9009000000000001
1263,2.6034199999999985
1264,2.555349999999999
1265,0.9402100000000001
1266,1.6517499999999996
1267,1.78812
1268,1.6303499999999993
1269,2.165279999999999
1270,1.4410799999999995
1271,2.0272499999999996
1272,1.8084202999999996
1273,0.7701400000000003
1274,2.0331699999999997
1275,0.8498800000000002
1276,3.456071
1277,1.9777899999999995
1278,4.868567999999994
1279,2.368689999999999
1280,0.9555900000000007
1281,0.7448599999999995
1282,2.29408
1283,2.584200100000001
1284,2.230629999999999
1285,1.4706500000000002
1286,3.6209204999999973
1287,1.2580599999999993
1288,2.1830700000000003
1289,2.4832500000000004
1290,1.6940999999999995
1291,3.9775521999999985
1292,2.7239500000000016
1293,2.8815400000000007
1294,0.53695
1295,1.37366
1296,0.6762499999999997
1297,1.50771
1298,2.2679299999999993
1299,2.3186
1300,3.684741699999999
1301,2.2887501
1302,1.64222
1303,4.7527362999999925
1304,1.1571700000000003
1305,1.0158300000000002
1306,0.8341
1307,2.3365403
1308,1.6316299999999995
1309,2.3092200000000003
1310,2.6488599999999995
1311,2.7566000000000006
1312,3.3206602000000003
1313,1.5293100000000004
1314,0.7888200000000001
1315,3.7863410999999996
1316,2.0625699999999996
1317,3.3562803000000008
1318,1.9668499999999989
1319,0.80853
1320,2.1143999999999985
1321,3.2938506000000003
1322,1.0597999999999999
1323,2.9230400000000007
1324,0.7192299999999999
1325,2.087570000000001
1326,0.5589600000000003
1327,3.4042404000000004
1328,3.8740710000000003
1329,2.5503000000000005
1330,0.6367899999999996
1331,1.8752499999999994
1332,2.5213801999999994
1333,1.6836100000000005
1334,1.7463099999999994
1335,4.93795909999999
1336,3.0114301
1337,0.5791099999999997
1338,2.5502100999999993
1339,3.8750123999999975
1340,2.1054402999999997
1341,1.7213199999999997
1342,2.4323401
1343,0.7175900000000002
1344,2.184370299999999
1345,1.3293600000000005
1346,2.4060616000000024
1347,1.2550202
1348,3.0694703000000008
1349,1.0066099999999998
1350,1.81431
1351,1.5384000000000007
1352,1.133240000000001
1353,3.0738302999999987
1354,2.294870099999999
1355,3.7641230999999964
1356,2.179120300000001
1357,1.5850499999999996
1358,1.6690903999999995
1359,2.264099999999999
1360,3.7921304999999976
1361,1.1347800000000001
1362,2.7412399999999986
1363,1.559210000000001
1364,2.4979400000000003
1365,3.3592203999999968
1366,0.7570799999999999
1367,2.2629099999999984
1368,1.12859
1369,0.8202399999999999
1370,3.597810699999999
1371,4.697726199999994
1372,2.2852199999999994
1373,0.9869799999999996
1374,1.7984900000000001
1375,1.5278999999999996
1376,2.446479999999999
1377,1.9912599999999991
1378,0.73043
1379,1.3733199999999999
1380,0.6208100000000001
1381,0.9520200000000001
1382,4.660055899999994
1383,2.1919001999999996
1384,1.079990000000001
1385,1.5171800000000006
1386,1.4580999999999997
1387,3.5520408
1388,2.5977401999999987
1389,3.9154711999999985
1390,5.000009999999989
1391,1.5713400000000004
1392,2.6789300000000003
1393,3.258331499999997
1394,1.9587700000000001
1395,3.237670000000003
1396,1.4875599999999993
1397,1.7845099999999987
1398,0.8395699999999998
1399,1.3657299999999999
1400,2.2284803999999996
1401,2.4323702000000007
1402,0.6780299999999997
1403,0.7398499999999999
1404,3.2379714999999982
1405,1.6888299999999996
1406,3.0428705999999988
1407,2.4656299999999995
1408,3.4862407000000006
1409,2.340360000000002
1410,0.7633999999999999
1411,2.6091700999999996
1412,1.4419499999999996
1413,0.8927799999999999
1414,1.4963399999999993
1415,0.8068299999999995
1416,2.3456613000000006
1417,1.0783099999999992
1418,3.2917406999999996
1419,2.2599400000000007
1420,1.5750799999999998
1421,1.1545199999999993
1422,1.16271
1423,3.351371699999999
1424,1.8790599999999993
1425,2.36361
1426,1.0119099999999996
1427,0.9041000000000002
1428,1.4274900000000001
1429,3.3921817999999995
1430,1.2207500000000002
1431,2.561140000000001
1432,2.1443600000000007
1433,2.35418
1434,4.762996399999994
1435,1.5811299999999997
1436,0.9252200000000005
1437,1.1093300000000001
1438,0.8689699999999996
1439,0.5147100000000002
1440,1.4740200000000008
1441,2.9699101000000003
1442,3.3923100000000006
1443,1.59303
1444,2.3152500000000003
1445,1.2710299999999999
1446,1.5203999999999995
1447,0.73784
1448,3.709710099999998
1449,2.3994999999999993
1450,1.0660199999999997
1451,0.68011
1452,3.122220000000001
1453,1.3890999999999998
1454,3.017402199999998
1455,2.77197
1456,1.1048200000000008
1457,0.7059800000000002
1458,1.1134300000000001
1459,0.6227799999999998
1460,1.9831900000000005
1461,2.5588406000000017
1462,3.1357300999999995
1463,1.12026
1464,0.54594
1465,1.2829000000000002
1466,1.5913799999999991
1467,2.6448502
1468,2.2729103
1469,3.0249201
1470,1.37214
1471,2.8998200999999995
1472,1.3431399999999993
1473,3.477720399999998
1474,3.14952
1475,1.5143000000000013
1476,2.4171199999999993
1477,1.51291
1478,1.2129299999999998
1479,1.1165400000000005
1480,0.64764
1481,2.6601809
1482,1.9527800000000008
1483,1.4008200000000002
1484,4.565454299999995
1485,0.6744299999999996
1486,3.4883904999999995
1487,3.2085609
1488,1.7811901000000003
1489,2.30315
1490,1.0213599999999998
1491,1.3276999999999999
1492,1.298490000000001
1493,0.5683999999999998
1494,3.4166903999999994
1495,1.9155700000000007
1496,0.6569699999999998
1497,1.0465999999999995
1498,1.940649999999999
1499,1.3226999999999998
1500,2.7041703999999993
1501,0.7146698000000002
1502,2.5092699999999994
1503,1.718129999999999
1504,2.2404399999999987
1505,1.5353400000000006
1506,2.1812199999999997
1507,0.9945500000000002
1508,2.199119999999999
1509,2.0333601999999997
1510,1.943240000000001
1511,1.2069999999999994
1512,2.470170099999999
1513,2.5389701
1514,1.0341599999999997
1515,3.530550899999999
1516,3.016350599999998
1517,1.5359400000000003
1518,2.0773800000000002
1519,1.4098599999999992
1520,1.2316299999999998
1521,2.6923100000000004
1522,2.1967301000000004
1523,0.84132
1524,0.8744799999999998
1525,1.2474399999999985
1526,2.1274300000000017
1527,0.8887100000000001
1528,1.1090099999999998
1529,0.6646700000000001
1530,3.258930000000001
1531,1.3775400000000002
1532,1.4582099999999998
1533,1.5537400000000008
1534,2.4686899999999974
1535,2.310640100000001
1536,0.8980399999999998
1537,2.2322622000000005
1538,1.4658000000000004
1539,0.5654799999999998
1540,2.07984
1541,2.253999999999999
1542,1.1806299999999994
1543,1.1014
1544,1.6745199999999998
1545,1.4090900000000008
1546,1.9184599999999994
1547,2.6829822
1548,1.9915299999999996
1549,1.9909900000000007
1550,1.5695400000000008
1551,1.79071
1552,2.3613107
1553,2.295160000000001
1554,2.0407501000000003
1555,2.665180299999999
1556,1.2255499999999997
1557,1.0350400000000004
1558,2.27433
1559,1.7975899999999998
1560,3.5452614999999996
1561,0.7222899999999999
1562,1.9131100000000014
1563,2.443069999999999
1564,2.234540000000001
1565,1.2678999999999998
1566,3.7646717999999977
1567,1.4468300000000005
1568,1.23708
1569,3.3491115999999983
1570,2.509980500000002
1571,3.1337105000000007
1572,0.8820400000000003
1573,1.3208099999999998
1574,0.9921999999999995
1575,2.563570199999999
1576,1.3170200000000003
1577,2.4342699999999997
1578,3.7566018999999993
1579,2.3238400000000006
1580,1.46697
1581,0.7999099999999999
1582,1.04573
1583,2.4173400000000003
1584,2.2499399999999996
1585,1.7285099999999993
1586,1.3661700000000008
1587,1.2039602
1588,0.7080400000000006
1589,2.36637
1590,2.3700200000000002
1591,1.2272599999999994
1592,3.9570909999999975
1593,3.7598907999999995
1594,4.999869899999989
1595,1.2667400000000004
1596,0.7940599999999999
1597,1.5038699999999994
1598,1.7450999999999994
1599,1.1029300000000006
1600,4.507583699999995
1601,1.5914199999999992
1602,2.3870699999999996
1603,1.83004
1604,2.0044899999999988
1605,2.9898001
1606,0.7108799999999998
1607,2.478619999999998
1608,3.599471299999999
1609,1.0798799999999995
1610,3.2194407999999988
1611,1.50963
1612,2.13297
1613,3.4084117
1614,0.6399299999999997
1615,1.6442399999999997
1616,1.0147999999999993
1617,1.0684799999999994
1618,1.48817
1619,3.2728504999999983
1620,1.0243899999999997
1621,0.77932
1622,1.1044600000000002
1623,2.920161599999999
1624,0.6089799999999999
1625,2.2751899999999994
1626,3.7046027999999973
1627,2.577310000000001
1628,0.9561499999999998
1629,2.278629999999999
1630,1.9485199999999998
1631,1.5830100000000003
1632,1.4067300000000011
1633,0.7122299999999996
1634,0.6542099999999997
1635,2.0310501
1636,1.7529800999999992
1637,1.6009099999999992
1638,2.2213500999999995
1639,0.7600699999999999
1640,1.65252
1641,1.3010200000000005
1642,1.8426204
1643,1.4486299999999994
1644,3.4209203
1645,1.0952800000000003
1646,1.9251400000000003
1647,3.6552411999999994
1648,0.8626999999999999
1649,3.2663220999999987
1650,3.778730400000003
1651,1.04812
1652,1.3178299999999998
1653,1.3886200000000002
1654,3.398381899999998
1655,3.0109215999999996
1656,2.7402499999999996
1657,3.669470599999999
1658,1.6511699999999998
1659,3.619950999999998
1660,2.9754001
1661,1.2254199999999995
1662,2.4349000000000003
1663,1.0069500000000005
1664,4.712796399999994
1665,1.7569500000000002
1666,2.9882999999999997
1667,2.863299999999999
1668,1.9491199999999993
1669,2.720659999999999
1670,1.7663600000000006
1671,3.251970299999998
1672,2.241280000000002
1673,0.8264799999999998
1674,1.0307399999999998
1675,1.4394700000000002
1676,2.2897700000000007
1677,1.1207799999999992
1678,3.6311703999999994
1679,2.9962703
1680,3.204929999999999
1681,2.822429999999999
1682,2.5333800999999996
1683,2.19018
1684,2.049330000000001
1685,4.1413125000000015
1686,1.1574000000000004
1687,1.0877100000000004
1688,1.2378200000000006
1689,4.805496599999993
1690,3.665153999999997
1691,2.2674999999999987
1692,3.251500100000001
1693,2.309390200000001
1694,1.6303899999999998
1695,2.5488999999999993
1696,1.5688399999999998
1697,1.2921900000000008
1698,1.4153300000000002
1699,1.2668100000000004
1700,2.4399500000000005
1701,1.1536399999999993
1702,3.5119399999999983
1703,4.697606499999991
1704,1.7840400000000007
1705,1.1534399999999996
1706,0.8604500000000002
1707,3.3149007999999984
1708,1.8223200000000015
1709,1.7723000000000002
1710,0.7978200000000004
1711,4.718126599999993
1712,2.5993003
1713,3.012130300000001
1714,1.40185
1715,2.5263104999999997
1716,1.3161900000000002
1717,1.4928999999999994
1718,2.15559
1719,2.3800399999999993
1720,1.28871
1721,0.8722899000000006
1722,3.219000100000002
1723,3.0657205999999992
1724,1.5538900000000009
1725,0.8583200000000001
1726,1.7090100000000015
1727,1.0563999999999998
1728,1.6773500999999984
1729,0.6164499999999997
1730,2.045790000000001
1731,2.153290000000001
1732,1.26481
1733,1.2257499999999997
1734,1.7483699999999993
1735,0.97431
1736,2.67076
1737,2.8709400000000005
1738,3.3963103
1739,0.6680400000000002
1740,0.8630300000000001
1741,0.65852
1742,1.7378800000000003
1743,3.4715901999999983
1744,2.706939999999999
1745,1.1070900000000004
1746,5.000009999999989
1747,0.9194699999999991
1748,2.3285099999999996
1749,1.3965400000000003
1750,2.77694
1751,1.6906000000000008
1752,3.1285301000000003
1753,3.175690499999999
1754,2.8307599999999993
1755,2.91834
1756,3.136240299999999
1757,1.2291899999999998
1758,2.2355800000000006
1759,0.5021900000000002
1760,1.4560400000000002
1761,1.6392999999999995
1762,2.9646404999999993
1763,2.879870400000001
1764,1.3235299999999999
1765,2.4252400000000005
1766,0.9332300000000001
1767,1.11609
1768,3.0229704000000015
1769,2.0697400000000012
1770,2.1922899999999994
1771,1.84351
1772,0.9848999999999998
1773,1.98046
1774,1.1651599999999995
1775,2.2681700000000005
1776,3.4319205999999993
1777,2.38729
1778,2.5784299999999996
1779,1.8803200000000004
1780,4.3582836999999985
1781,1.8321600000000011
1782,2.14452
1783,4.764216799999993
1784,1.8927599999999996
1785,2.3931099999999983
1786,4.282414899999996
1787,2.0468999999999995
1788,3.5849610999999992
1789,1.5449199999999998
1790,1.0227199999999999
1791,0.7874499999999992
1792,0.63071
1793,0.8664300000000001
1794,1.576759999999999
1795,2.0987700000000005
1796,3.4565611999999977
1797,0.50565
1798,1.8427999999999995
1799,1.2408899999999996
1800,2.5348200000000007
1801,0.9302499999999998
1802,2.301349999999999
1803,4.830077799999991
1804,0.9868699999999996
1805,1.1254399999999998
1806,2.3525200000000006
1807,2.0397000000000007
1808,0.75485
1809,2.1334599999999986
1810,3.6604529999999995
1811,1.96272
1812,1.4390399999999999
1813,3.4121603000000005
1814,0.9533400000000006
1815,1.6446599999999996
1816,1.337520000000001
1817,1.2424600000000003
1818,2.3744500000000004
1819,2.32993
1820,1.1470300000000007
1821,1.862980000000001
1822,2.345199999999999
1823,2.792510399999999
1824,0.6219600000000001
1825,1.866749999999999
1826,2.33656
1827,0.9401399999999996
1828,2.2602399999999987
1829,2.3708799999999997
1830,0.9389899999999999
1831,2.06938
1832,1.3692499999999999
1833,1.858200199999999
1834,1.1608200000000009
1835,3.3651600999999993
1836,3.4212819999999975
1837,1.646349999999999
1838,4.340643799999996
1839,3.862790799999999
1840,1.6716699999999995
1841,1.2704100000000005
1842,3.7556409000000004
1843,1.2427300000000001
1844,4.046622099999999
1845,0.9483299999999999
1846,3.2489103999999993
1847,1.6852099999999997
1848,4.355403899999995
1849,0.61507
1850,1.9791899999999993
1851,2.487919999999999
1852,2.24685
1853,1.4377702
1854,1.15034
1855,1.7017099999999998
1856,1.2734199999999998
1857,2.4400401999999985
1858,4.626008599999991
1859,4.132652399999998
1860,2.6009800000000003
1861,1.38005
1862,2.512729999999999
1863,3.6487116999999967
1864,2.5957000000000012
1865,2.8476606
1866,2.63015
1867,1.9408999999999994
1868,2.8388000000000018
1869,2.38515
1870,2.9316199999999992
1871,2.2452308999999997
1872,4.983958699999991
1873,2.1839499999999994
1874,1.857820000000001
1875,1.6673399999999998
1876,1.8251
1877,3.17352
1878,2.066280000000001
1879,1.0282100000000003
1880,2.606079999999998
1881,1.5353000000000006
1882,1.2361500000000003
1883,1.5727000999999996
1884,1.5652300000000006
1885,1.1482
1886,1.2968100000000007
1887,1.06409
1888,0.92498
1889,1.7306200999999999
1890,2.86657
1891,2.734700000000001
1892,2.28395
1893,0.9604300000000007
1894,1.62587
1895,1.8841900999999988
1896,1.01745
1897,1.6869599999999985
1898,1.1839699999999995
1899,1.7019499999999994
1900,2.2982300000000007
1901,1.5095599999999996
1902,0.51965
1903,0.6401899999999999
1904,2.0583399999999985
1905,1.0300899999999995
1906,2.18625
1907,1.6825800000000002
1908,1.988920000000001
1909,1.2373699999999999
1910,2.214180299999999
1911,4.011331899999998
1912,1.7881700999999994
1913,1.8146800000000005
1914,1.91467
1915,1.5329200000000005
1916,1.5064700000000002
1917,0.7399900000000003
1918,2.5125800999999988
1919,1.4883300000000004
1920,2.2390700999999997
1921,1.6008800000000003
1922,1.3454700000000008
1923,1.5793699999999995
1924,1.4037099999999998
1925,2.1611099999999994
1926,4.352043799999996
1927,4.700813199999998
1928,2.489829999999998
1929,1.9376900000000001
1930,2.740780000000002
1931,2.8051199999999996
1932,1.3222801999999996
1933,1.09079
1934,3.4313813999999976
1935,0.76224
1936,1.2170399999999995
1937,1.87635
1938,0.6142299999999999
1939,1.7596400000000008
1940,1.1546799999999997
1941,1.0781800000000004
1942,2.2954999999999988
1943,2.04392
1944,1.0187999999999995
1945,1.7764699999999989
1946,4.334083799999997
1947,1.04087
1948,2.67356
1949,2.472190000000001
1950,2.22433
1951,0.7630499999999998
1952,0.8139700000000005
1953,2.3419700000000003
1954,3.1540908999999986
1955,2.1226904
1956,1.81832
1957,1.3314500000000005
1958,1.7897199999999986
1959,4.91328909999999
1960,2.6789399999999994
1961,0.49794999999999995
1962,2.1610099999999997
1963,0.7315600000000002
1964,1.6452200000000006
1965,0.88378
1966,3.4069602000000008
1967,1.5783599999999993
1968,3.6708106000000003
1969,0.6746099999999998
1970,2.168339999999999
1971,4.005781299999998
1972,0.8365200000000003
1973,3.3659702999999994
1974,2.1717799999999996
1975,2.7833299999999985
1976,2.805769999999998
1977,2.1510000000000002
1978,2.0428699999999993
1979,1.79426
1980,3.986574699999995
1981,1.9897200000000002
1982,2.0005701
1983,0.8452700000000004
1984,2.0210199999999996
1985,1.3943900000000005
1986,1.832319999999999
1987,4.787497099999993
1988,1.6477399999999995
1989,1.0627300000000004
1990,1.4135000000000004
1991,2.0683800000000003
1992,0.6115300000000001
1993,1.224160000000001
1994,0.7370099999999999
1995,1.75745
1996,3.858662099999996
1997,3.262229999999999
1998,2.4430999999999994
1999,1.38486
2000,1.8300601
2001,1.1133800000000003
2002,2.0202800999999995
2003,1.5969000000000002
2004,1.6022000000000003
2005,4.974589899999989
2006,1.8796999999999988
2007,2.1650899999999997
2008,2.3441400000000003
2009,2.2631601
2010,3.4377102999999996
2011,0.9182600000000004
2012,4.886737499999993
2013,4.708055499999995
2014,1.1963699999999995
2015,2.093289999999999
2016,1.85028
2017,2.699369999999999
2018,1.2669303000000003
2019,1.5833199999999996
2020,2.2255303
2021,1.7006900000000003
2022,2.3858599999999996
2023,1.7297899999999995
2024,0.6793399999999999
2025,1.7545700000000004
2026,2.5622400000000005
2027,0.9856900000000001
2028,1.5897099999999995
2029,1.7347099999999998
2030,1.2234299999999996
2031,1.2686199999999999
2032,1.8979600000000003
2033,1.6228499999999997
2034,2.03789
2035,1.4161000000000001
2036,3.4713204999999987
2037,2.3009501
2038,0.5271599999999999
2039,1.9400699999999993
2040,2.156889999999999
2041,1.7663900000000003
2042,0.75139
2043,2.423569999999999
2044,3.2119500999999993
2045,2.0957800999999985
2046,2.1097599999999996
2047,3.830052399999998
2048,2.816339999999999
2049,1.9231999999999996
2050,3.7316804000000015
2051,5.000009999999989
2052,3.0859106999999995
2053,4.298464199999997
2054,1.6346600000000004
2055,1.1674699999999993
2056,2.9394001000000003
2057,0.76248
2058,0.7032400000000001
2059,1.2123899999999999
2060,1.7468500000000002
2061,2.7288399999999995
2062,1.5662599999999995
2063,1.3098999999999998
2064,1.7249
2065,4.684976999999992
2066,3.0006800000000013
2067,1.3684700000000003
2068,1.0920300000000005
2069,0.7298600000000001
2070,3.7285312000000004
2071,2.953890099999998
2072,2.96034
2073,4.984399699999988
2074,3.7987217999999974
2075,1.9189399999999983
2076,2.6733999999999996
2077,1.705350000000001
2078,2.008619999999999
2079,3.7970901
2080,2.3455301999999976
2081,1.8281999999999992
2082,2.40797
2083,1.75254
2084,0.65582
2085,1.3623900000000004
2086,3.282160199999999
2087,1.7598199999999995
2088,1.3455599999999992
2089,1.9511999999999992
2090,1.0332999000000003
2091,0.92388
2092,1.6111099999999998
2093,1.7239799999999994
2094,1.7553800000000006
2095,1.2105399999999995
2096,1.99791
2097,2.7311300000000007
2098,3.3322805000000013
2099,4.585004799999994
2100,1.7157902
2101,3.2336201
2102,2.250880099999999
2103,2.1670799999999995
2104,5.000009999999989
2105,1.7942499999999995
2106,2.5386501
2107,1.9863500000000005
2108,1.1240700000000006
2109,1.3025200000000006
2110,2.189739999999999
2111,4.0396019
2112,1.7663799999999994
2113,0.7218900000000003
2114,2.6617202000000004
2115,1.7387899999999996
2116,1.7830099999999993
2117,1.5608000000000002
2118,2.722050000000001
2119,2.71031
2120,2.1013299999999986
2121,2.3751200000000012
2122,1.56076
2123,3.02562
2124,1.69292
2125,3.0207599999999997
2126,2.9325902000000004
2127,1.5180600000000002
2128,2.66021
2129,0.7033900000000002
2130,1.8016799999999995
2131,1.9465899999999987
2132,1.6020700000000003
2133,1.26431
2134,2.80063
2135,1.6640099999999998
2136,1.7697799999999992
2137,1.3999000000000006
2138,1.2657500000000004
2139,2.3596500000000002
2140,1.5238999999999998
2141,1.3696900000000005
2142,2.1591800000000005
2143,2.128529999999999
2144,2.4025999999999996
2145,3.2421007999999993
2146,0.9782699999999995
2147,1.90233
2148,1.8789099999999999
2149,1.7779999999999985
2150,0.6897699999999999
2151,1.47196
2152,2.9666801000000005
2153,3.4480699999999995
2154,1.2036099999999996
2155,2.54971
2156,2.243560200000002
2157,2.58077
2158,1.2656299999999994
2159,1.5679400000000001
2160,1.2875500000000002
2161,0.7320499999999999
2162,1.8374799999999996
2163,1.9690799999999995
2164,0.7045999999999999
2165,1.2702900000000006
2166,0.9998499999999992
2167,2.1737703
2168,3.8306221000000007
2169,1.084239999999999
2170,1.3186499999999992
2171,2.591589999999999
2172,1.0803899999999995
2173,2.08752
2174,3.1846400000000004
2175,1.3014099999999997
2176,1.4468699999999999
2177,3.0459700000000023
2178,0.8680600000000002
2179,4.96980929999999
2180,3.954041799999997
2181,0.9006800000000006
2182,1.4397799999999996
2183,0.6475399999999994
2184,1.02777
2185,1.5542002000000008
2186,2.6711999999999985
2187,4.833978199999991
2188,0.9920799999999995
2189,1.3545599999999993
2190,2.517909999999999
2191,1.4242100000000002
2192,1.9852501000000005
2193,0.7602299999999995
2194,3.0474305
2195,2.5410599999999994
2196,2.060410099999999
2197,1.672330000000001
2198,2.4168600000000002
2199,0.5789999999999997
2200,2.319539999999998
2201,2.6252400000000007
2202,1.3612899999999994
2203,0.89526
2204,1.7626599999999997
2205,1.2261799999999992
2206,1.4492200000000002
2207,1.4251400000000007
2208,2.04125
2209,2.7638402000000006
2210,0.9568100000000002
2211,4.690176099999995
2212,1.7492599999999985
2213,0.6210600000000001
2214,1.5794799999999996
2215,3.278820199999998
2216,1.4466400000000001
2217,4.881168599999991
2218,4.147422699999998
2219,5.000009999999989
2220,1.6671299999999996
2221,2.35706
2222,3.2427302999999994
2223,1.2338499999999997
2224,1.4528
2225,4.201572099999997
2226,1.4598299999999997
2227,1.3838299999999994
2228,2.8336503
2229,3.3091405999999988
2230,1.447209999999999
2231,3.3961501999999997
2232,3.0726702
2233,1.9598700000000002
2234,3.2735606999999987
2235,1.6793699999999998
2236,3.0167599999999988
2237,1.3945600000000007
2238,0.8274500000000004
2239,0.7103800000000003
2240,2.6362807
2241,2.2769399999999997
2242,1.1617200000000008
2243,3.3545005
2244,2.092640000000001
2245,1.8627399999999996
2246,4.0538327
2247,1.9485399999999995
2248,1.09353
2249,1.21727
2250,2.2376699999999983
2251,2.1146500000000006
2252,2.05245
2253,1.7330399999999997
2254,3.3341800000000013
2255,2.00205
2256,1.0142399999999996
2257,2.0207599999999992
2258,2.7094599999999995
2259,1.9434700000000011
2260,2.157450000000001
2261,2.49294
2262,1.0797598000000004
2263,1.529489999999999
2264,1.3326799999999994
2265,2.806739999999999
2266,1.4637300000000002
2267,2.3153900000000003
2268,2.5960801000000013
2269,0.7127100000000002
2270,1.98905
2271,3.350790000000001
2272,3.4926713
2273,0.9237099999999999
2274,2.34403
2275,2.8797502000000015
2276,4.130652399999998
2277,1.2395999999999996
2278,3.8527432999999967
2279,0.5033000000000001
2280,1.0625200000000001
2281,2.2752099999999995
2282,4.470773699999996
2283,1.03879
2284,1.3241700000000005
2285,3.2557503000000008
2286,4.890977799999992
2287,1.16999
2288,3.633910599999999
2289,1.4252000000000005
2290,2.534440000000002
2291,2.4908800000000015
2292,0.5542400000000001
2293,1.0686700000000002
2294,1.1436399999999987
2295,3.555890400000001
2296,1.3985400000000001
2297,2.70163
2298,1.0149699999999997
2299,2.8746300000000002
2300,1.5566500000000008
2301,1.9428200000000015
2302,1.894069999999999
2303,1.9912400000000003
2304,1.15978
2305,0.8195300000000002
2306,2.5535699999999997
2307,2.71247
2308,1.1044499999999997
2309,1.9193000000000007
2310,1.6465300000000003
2311,1.6852400000000003
2312,2.3050708999999996
2313,1.1823300000000003
2314,3.0341602
2315,1.3200800000000001
2316,1.6322299999999996
2317,3.0468701000000014
2318,1.62565
2319,3.2229212999999985
2320,2.4704201000000015
2321,1.1357800000000007
2322,1.4879299999999993
2323,3.1207904000000015
2324,2.0815699999999993
2325,2.393140000000001
2326,0.6833300000000004
2327,2.82404
2328,2.7616199999999997
2329,2.1469399999999994
2330,2.8917800000000007
2331,2.309799999999998
2332,1.7482400000000005
2333,1.7710100000000006
2334,1.8274899999999992
2335,1.6507100000000008
2336,1.7984399999999996
2337,0.5025599999999997
2338,3.4410906999999984
2339,4.110103199999997
2340,1.1620200000000003
2341,1.16993
2342,1.5729599999999997
2343,2.4337699999999995
2344,0.9267600000000003
2345,0.7583399999999996
2346,0.9805699999999997
2347,2.1825900000000007
2348,3.363010200000001
2349,1.580070000000001
2350,3.106500099999999
2351,3.1129599999999997
2352,1.5445300000000004
2353,3.2234899999999977
2354,2.0103499999999994
2355,1.0594200000000003
2356,2.3313099999999993
2357,0.5015499999999998
2358,2.6136999999999997
2359,0.90948
2360,0.5102199999999999
2361,2.709400200000001
2362,2.0117400000000005
2363,0.6276699999999997
2364,2.449710099999999
2365,2.0462099999999994
2366,1.797479999999999
2367,4.623725999999996
2368,0.6644999999999998
2369,1.5368599999999994
2370,3.6659403999999993
2371,2.7320600000000015
2372,1.27833
2373,1.4341599999999994
2374,0.75
2375,1.73026
2376,1.4198999999999997
2377,2.1319399999999997
2378,1.39223
2379,1.04918
2380,2.30411
2381,0.89961
2382,1.2965
2383,3.0916000999999977
2384,3.4989909
2385,2.8820717999999994
2386,2.5164801000000003
2387,1.9308400000000006
2388,2.3619000000000003
2389,2.3123399999999994
2390,2.8599102000000003
2391,0.8639599999999996
2392,2.494400099999999
2393,1.4194101999999997
2394,1.1716699999999998
2395,0.9838699999999999
2396,1.3501599999999996
2397,1.98158
2398,1.1118899999999998
2399,1.9467300000000003
2400,1.01649
2401,3.2382508999999993
2402,2.5646
2403,1.6542700000000008
2404,2.435180000000001
2405,4.681436799999994
2406,1.4004099999999995
2407,4.763275399999995
2408,1.6457899999999999
2409,2.2517510000000005
2410,1.6674400000000005
2411,1.2358500000000008
2412,1.2472200000000009
2413,2.2408699999999997
2414,0.5768999999999997
2415,1.3309899999999997
2416,2.4923500000000014
2417,2.398130900000001
2418,1.8596699999999986
2419,0.7035899999999998
2420,0.92584
2421,2.420699999999999
2422,2.5460900999999985
2423,2.6021199999999993
2424,1.9753199999999995
2425,4.582044299999998
2426,1.933720000000001
2427,0.7841100000000002
2428,1.3659701000000004
2429,0.6035498999999998
2430,1.4494799999999999
2431,3.105030100000001
2432,1.8463400000000005
2433,2.233429999999998
2434,1.12439
2435,1.8568200000000004
2436,1.8763499999999989
2437,1.5547599999999997
2438,1.3468600000000002
2439,0.5582300000000003
2440,3.488961099999998
2441,4.505944299999996
2442,2.8407900000000006
2443,3.531300499999999
2444,2.3261499999999997
2445,0.9758999999999997
2446,1.382849999999999
2447,0.7269200000000002
2448,1.9236899999999992
2449,1.2889599999999999
2450,2.12053
2451,2.091330000000001
2452,0.8936499999999998
2453,1.730959999999999
2454,2.6634299999999995
2455,4.254841799999999
2456,1.0148200000000003
2457,1.5219999999999996
2458,1.0383399999999994
2459,0.7950099999999997
2460,1.3848099999999999
2461,2.122649999999999
2462,1.62631
2463,1.372640000000001
2464,0.8820500000000002
2465,1.88556
2466,1.59577
2467,2.7743799999999994
2468,1.3833099999999998
2469,1.4722699999999995
2470,3.9299418
2471,1.69299
2472,1.15757
2473,0.8158599999999996
2474,1.8661499999999998
2475,4.2863016000000025
2476,1.9537000000000009
2477,1.2688499999999996
2478,1.4639299999999997
2479,1.43792
2480,1.7587699999999993
2481,2.9653701000000012
2482,2.073959999999999
2483,0.7460099999999996
2484,4.549415699999997
2485,2.0969699999999993
2486,1.3351600000000008
2487,2.8255600999999997
2488,2.96932
2489,2.0993100000000005
2490,0.8623099999999992
2491,1.4779999999999998
2492,1.68495
2493,2.4192999999999993
2494,1.2276100000000003
2495,2.46936
2496,3.6373502999999983
2497,2.9212012000000005
2498,1.2467900000000003
2499,2.979150699999999
2500,0.8070499999999998
2501,1.494029999999999
2502,1.0039700000000003
2503,2.0189201
2504,3.822930799999998
2505,2.0888801
2506,1.2957599999999996
2507,3.082860100000002
2508,2.7011906999999993
2509,0.9508299999999994
2510,4.5077053999999945
2511,4.91871879999999
2512,0.58943
2513,3.2050002
2514,2.4902999999999995
2515,1.9074100000000005
2516,2.1259007999999997
2517,2.73904
2518,4.099982199999997
2519,2.6194301000000006
2520,1.0652199999999996
2521,2.0412699999999995
2522,2.0523100000000003
2523,1.8934099999999998
2524,1.0219099999999999
2525,1.86957
2526,1.58265
2527,2.76339
2528,2.8685506999999997
2529,2.6324802999999988
2530,1.6781099999999998
2531,2.7837903999999996
2532,3.2217707999999994
2533,1.166729999999999
2534,2.3253199999999996
2535,1.5290499999999994
2536,4.859967799999992
2537,1.9993300000000005
2538,2.915080200000001
2539,1.6936200000000008
2540,2.9854399999999983
2541,1.0630100000000007
2542,4.8550379999999915
2543,1.4578099999999992
2544,1.90055
2545,3.3264100999999986
2546,3.4759001999999986
2547,0.5400999999999999
2548,3.8068318999999993
2549,2.298260000000002
2550,1.7733
2551,2.11346
2552,1.5786501
2553,0.8249000000000001
2554,1.1228900000000008
2555,3.469961599999998
2556,1.3317599999999994
2557,4.298472899999999
2558,3.622751299999999
2559,2.0681700000000003
2560,2.260400000000002
2561,2.2824000000000004
2562,1.4368999999999996
2563,1.6382199999999996
2564,1.61196
2565,1.2270900000000005
2566,3.9704216999999975
2567,1.5824899999999997
2568,1.6033700000000004
2569,1.0499900000000002
2570,1.29694
2571,1.36429
2572,1.5122300000000002
2573,0.8210100000000001
2574,3.545532199999999
2575,1.7723900000000008
2576,3.2320200999999997
2577,1.64058
2578,3.7793210999999998
2579,1.1472499999999992
2580,3.0334700000000003
2581,2.3430301
2582,2.5415499999999995
2583,2.979262499999999
2584,0.96064
2585,1.6098699999999997
2586,1.7199900000000001
2587,1.61869
2588,3.1190900000000004
2589,1.2825605000000002
2590,2.0725199999999986
2591,0.5093900000000001
2592,1.4111500000000003
2593,1.0072299999999998
2594,2.5397103999999997
2595,1.1975799999999999
2596,1.1784800000000002
2597,2.1341701
2598,2.8842700000000008
2599,0.7966699999999999
2600,2.7052600000000013
2601,2.2146799999999986
2602,3.3714006
2603,1.3852499999999994
2604,1.1932599999999995
2605,1.6114299999999988
2606,2.3655600000000008
2607,0.9659700000000006
2608,2.3884100999999998
2609,3.635211199999999
2610,3.704241599999998
2611,1.8038999999999994
2612,1.1757000000000004
2613,1.06667
2614,2.1272
2615,2.5805901000000007
2616,1.7432600000000003
2617,0.9550699999999996
2618,1.2939200000000006
2619,1.5245002000000003
2620,1.4573499999999995
2621,2.0681599999999993
2622,1.4658999999999998
2623,2.0538605000000003
2624,2.8255401
2625,0.7326898999999998
2626,2.4313601000000005
2627,3.4925014999999995
2628,1.4405500000000004
2629,1.2712800000000006
2630,4.360013799999999
2631,1.1093699999999995
2632,0.5374099999999999
2633,4.406853499999998
2634,2.0636001000000004
2635,1.33287
2636,2.2595199999999984
2637,3.085490000000001
2638,2.0404200000000006
2639,2.2182700000000004
2640,4.906708599999991
2641,1.0804200000000006
2642,1.7945600000000002
2643,1.9892699999999994
2644,0.9993899999999997
2645,1.6724999999999992
2646,1.3729399999999996
2647,2.7583018999999998
2648,0.9562999999999998
2649,1.2172699999999994
2650,1.8045399999999996
2651,2.0832200000000007
2652,1.1864100000000004
2653,2.8183699999999994
2654,3.038990300000001
2655,2.7127099999999995
2656,1.9256399999999996
2657,3.2786605999999976
2658,1.17042
2659,1.72328
2660,3.547420699999999
2661,1.77543
2662,4.146913899999999
2663,4.693344699999996
2664,2.09083
2665,4.89691809999999
2666,1.1375003000000001
2667,1.0058299999999998
2668,4.605916499999995
2669,2.2760799999999994
2670,1.7599499999999995
2671,4.673626899999993
2672,2.0941699999999996
2673,4.160972099999997
2674,3.015800799999999
2675,1.45355
2676,2.72684
2677,1.3690399999999996
2678,2.094189999999999
2679,0.8711800000000003
2680,1.1479400000000002
2681,2.16646
2682,1.6419399999999995
2683,1.8875799999999996
2684,1.7578299999999996
2685,3.0251704999999993
2686,2.48502
2687,0.5967400000000004
2688,1.0510400000000002
2689,1.7628399999999997
2690,2.023380000000001
2691,1.3897399999999989
2692,3.4607502000000006
2693,1.1378
2694,1.3811000000000009
2695,0.5093000000000001
2696,3.496940399999998
2697,2.6388002
2698,0.7947100000000004
2699,1.1300700000000001
2700,4.886627999999991
2701,0.5825299999999999
2702,4.224123099999996
2703,2.3363799999999983
2704,2.6354401000000003
2705,3.8333209000000004
2706,0.6789299999999997
2707,2.2001799999999996
2708,1.4206300000000007
2709,2.3760199999999987
2710,1.92071
2711,2.178519999999998
2712,0.7699500000000004
2713,1.12679
2714,4.0518313
2715,2.2907600000000006
2716,1.6181302999999998
2717,1.49323
2718,2.0946900000000004
2719,1.6247800000000003
2720,1.5778
2721,1.24479
2722,0.8073899999999999
2723,1.8777899999999994
2724,0.79458
2725,1.1294399999999998
2726,2.8293809999999997
2727,0.9536099999999997
2728,2.6956306999999993
2729,1.3100299999999998
2730,1.4725400000000008
2731,1.4694299999999998
2732,0.6973799999999999
2733,3.8559526999999987
2734,1.28535
2735,2.3059804000000006
2736,3.655440999999999
2737,1.9691300000000005
2738,0.6797900000000001
2739,3.3567902000000016
2740,3.137400099999999
2741,1.6136400000000004
2742,1.5109800000000002
2743,2.056640100000001
2744,3.1265605999999995
2745,2.2775700000000008
2746,1.98198
2747,2.544389999999999
2748,1.48016
2749,1.7165800000000004
2750,2.2815900000000005
2751,2.886380100000001
2752,2.2373199999999995
2753,1.7952899999999996
2754,2.7531299999999987
2755,1.10332
2756,1.01984
2757,3.5201507000000003
2758,1.72907
2759,1.8705999999999994
2760,4.992609899999989
2761,3.5769503999999985
2762,0.8149999999999998
2763,1.1153600000000001
2764,1.53892
2765,1.46547
2766,2.25765
2767,1.7206900999999997
2768,1.3175199999999998
2769,1.8172000000000006
2770,1.3812099999999998
2771,3.1162100999999995
2772,2.8105600000000006
2773,2.30281
2774,0.6320500000000002
2775,2.4200999999999997
2776,1.3009799999999998
2777,1.5245900000000003
2778,3.0149000000000017
2779,1.37977
2780,2.7911502999999995
2781,0.6168000000000002
2782,2.148850000000001
2783,1.3125300000000006
2784,1.1672000000000007
2785,3.325040099999999
2786,1.36532
2787,3.326380600000001
2788,1.3676399999999997
2789,2.868450299999999
2790,3.531330099999999
2791,3.0631502999999993
2792,0.5271000000000001
2793,3.4999800999999997
2794,3.6229601999999996
2795,3.548851099999999
2796,2.1644300000000003
2797,1.7643700000000002
2798,2.3527605
2799,1.1997599999999995
2800,2.419649999999999
2801,1.9765799999999998
2802,2.7706801999999997
2803,0.6756
2804,0.6099799999999997
2805,1.1992400000000003
2806,1.83953
2807,0.5884199999999999
2808,2.6865902
2809,1.9798200000000004
2810,1.8272600000000008
2811,2.9714904
2812,4.016860799999997
2813,1.9259499999999996
2814,1.0847200000000001
2815,3.412020099999999
2816,0.92495
2817,1.2487400000000004
2818,0.5655598999999999
2819,1.7641100000000003
2820,1.8437899999999996
2821,3.1670905000000005
2822,1.6646999999999994
2823,1.118540000000001
2824,3.7831916000000003
2825,2.9487703999999995
2826,1.2674600000000003
2827,3.4882013999999986
2828,1.8061499999999984
2829,4.351564199999997
2830,4.673036299999993
2831,2.8035404999999995
2832,3.0410807
2833,2.0654699999999995
2834,2.3142399999999994
2835,0.89081
2836,1.8721899999999994
2837,2.92753
2838,2.1846704999999997
2839,2.1707299999999985
2840,1.8349000000000006
2841,2.256929999999999
2842,2.0256600000000002
2843,1.0780599999999998
2844,0.9257400000000002
2845,1.0012499000000001
2846,0.7075800000000002
2847,1.0500200000000006
2848,2.4897199999999997
2849,1.2504899999999988
2850,1.6569
2851,2.0737199999999993
2852,4.571173699999996
2853,0.6932199999999998
2854,1.06079
2855,3.690640499999998
2856,0.6885399999999998
2857,1.3370900000000003
2858,2.3675301
2859,3.4899518999999994
2860,3.0339300000000007
2861,1.77069
2862,0.7500300000000002
2863,1.81877
2864,1.3052
2865,1.7593000000000005
2866,2.283049999999999
2867,1.2488200000000007
2868,3.282050900000002
2869,3.1756609999999994
2870,1.4497699999999991
2871,2.4214699999999976
2872,2.6958705999999983
2873,3.069690300000001
2874,3.4699801000000003
2875,1.4438800000000012
2876,2.8303200000000004
2877,0.7486599999999999
2878,2.37796
2879,2.1213103
2880,3.3544905999999997
2881,1.3564600000000002
2882,1.700959999999999
2883,3.5146109999999995
2884,3.7083705000000005
2885,2.338980000000001
2886,1.0902399999999997
2887,4.760336699999994
2888,0.7864399999999999
2889,2.0025999999999997
2890,0.6094600000000001
2891,3.2511301
2892,3.2086507999999996
2893,2.7152607000000004
2894,1.5293299999999996
2895,2.6657504
2896,2.0702503000000005
2897,1.6014799999999996
2898,0.8489299999999994
2899,2.492070200000001
2900,2.8934800000000003
2901,0.8459900000000004
2902,1.1584199999999998
2903,3.723841399999999
2904,5.000009999999989
2905,1.2011200000000009
2906,2.2866799999999996
2907,4.998339899999989
2908,2.326830000000002
2909,3.855582100000001
2910,1.7614399999999995
2911,1.701179999999999
2912,1.3844700000000005
2913,3.3613601999999996
2914,1.4010799999999997
2915,0.8527900000000005
2916,0.9357699999999997
2917,3.2784600999999993
2918,2.137879999999999
2919,2.7707211000000007
2920,0.7729099999999999
2921,2.632520000000001
2922,2.37196
2923,0.7540400000000004
2924,3.244060599999999
2925,1.2317099999999992
2926,2.4143400000000006
2927,3.044240299999999
2928,1.64072
2929,0.9786099999999999
2930,4.024213599999997
2931,0.9817300000000002
2932,3.9129202
2933,4.7297230999999975
2934,0.58894
2935,4.503874399999995
2936,1.8524100000000001
2937,2.8298100999999996
2938,1.9205899999999991
2939,3.3392001
2940,1.8202500000000006
2941,2.3981100000000004
2942,1.58583
2943,3.162980099999998
2944,1.0352500000000004
2945,3.0427900000000023
2946,2.8574499999999987
2947,1.29557
2948,3.9707914999999963
2949,0.9730600000000003
2950,2.1781000000000006
2951,1.2225799999999998
2952,2.9170499999999997
2953,0.9966700000000001
2954,1.8104400000000005
2955,1.6909399999999988
2956,3.918682499999997
2957,1.88929
2958,1.2226000000000006
2959,3.0610601000000024
2960,1.9245
2961,2.019780000000001
2962,2.8205699999999996
2963,1.4779799999999992
2964,1.6975500999999997
2965,1.6493600000000008
2966,1.9134299999999995
2967,2.14608
2968,3.240980000000001
2969,2.4201099999999998
2970,1.4942400000000005
2971,1.70088
2972,0.9291000000000004
2973,1.7461899999999992
2974,1.6112299999999997
2975,1.4254800000000003
2976,4.0519516999999965
2977,0.7003499999999998
2978,3.661820900000001
2979,1.9457600000000002
2980,1.2790200000000005
2981,1.7148299999999994
2982,1.5811799999999994
2983,1.1160800000000004
2984,2.405509999999999
2985,2.948109999999998
2986,0.6560099999999995
2987,4.972539399999991
2988,1.89731
2989,1.3050899999999999
2990,1.25983
2991,2.4457900000000015
2992,2.961629999999998
2993,0.6750500000000001
2994,2.1454101
2995,2.3860899999999994
2996,1.4321800000000002
2997,0.7984199999999998
2998,2.8421101999999996
2999,3.0075810999999995
3000,1.7246300000000006
3001,3.9181613999999962
3002,1.4640900000000001
3003,1.238310000000001
3004,1.2015099999999999
3005,2.378980000000001
3006,1.1803800000000004
3007,1.4618300000000002
3008,1.7174500000000001
3009,2.3106400000000007
3010,0.7558299999999996
3011,0.5621100000000002
3012,1.8543900000000004
3013,0.8764000000000003
3014,1.0021400000000005
3015,1.308499999999999
3016,1.51368
3017,1.6876399999999996
3018,1.0341600000000006
3019,0.5041599999999997
3020,0.9535599999999999
3021,1.5910800000000003
3022,1.137449999999999
3023,2.7792701000000006
3024,2.1996299999999995
3025,1.0466100000000003
3026,2.170279999999999
3027,2.4563800999999996
3028,2.075449999999999
3029,2.1886100000000006
3030,1.6303399999999995
3031,1.7092699999999983
3032,1.0749399999999998
3033,2.2328100999999982
3034,2.4167399999999994
3035,2.06892
3036,1.6694599999999995
3037,1.7182399999999998
3038,1.1334600000000008
3039,1.4901200000000001
3040,1.4600799999999998
3041,1.0383400000000005
3042,0.65274
3043,2.628340000000001
3044,4.267993999999997
3045,1.679579999999998
3046,1.4897799999999999
3047,2.0900504999999994
3048,1.812749999999999
3049,2.9995301000000008
3050,1.46924
3051,5.000009999999989
3052,2.61877
3053,2.563630000000001
3054,2.6686400000000003
3055,2.6821901
3056,1.4821899999999997
3057,1.7405000000000002
3058,1.2218899999999997
3059,3.3578008
3060,1.41174
3061,1.9983999999999997
3062,2.4089604
3063,3.3502500999999993
3064,2.1854102
3065,0.6085699999999998
3066,1.7935899999999996
3067,2.4157699999999993
3068,1.5362499999999997
3069,3.2989102
3070,0.8296800000000002
3071,1.1253600000000001
3072,1.6520200000000005
3073,1.5859499999999997
3074,1.5688399999999998
3075,1.5142399999999998
3076,4.034572399999999
3077,4.123032299999995
3078,3.8384012000000003
3079,3.2679110000000002
3080,4.99447959999999
3081,4.872207699999993
3082,2.0574100000000004
3083,0.5411699999999999
3084,1.7982599999999993
3085,2.8394801000000007
3086,1.335879999999999
3087,2.786870000000001
3088,1.4909000000000001
3089,2.8188703999999998
3090,1.8986499999999997
3091,1.2216
3092,1.21349
3093,2.0692901000000004
3094,2.1394201
3095,1.5527400000000002
3096,2.0058299999999996
3097,2.2398599999999984
3098,1.2931800000000002
3099,0.7830300000000001
3100,1.8609999999999998
3101,3.6745412999999973
3102,1.931590000000001
3103,3.2168601000000017
3104,1.2883600000000006
3105,1.95437
3106,1.7158599999999986
3107,1.075969999999999
3108,2.341259999999999
3109,0.6811400000000005
3110,2.000549999999999
3111,1.52206
3112,0.49232
3113,1.0225800000000005
3114,3.715012399999996
3115,1.4143299999999996
3116,1.0161099999999998
3117,2.134690000000001
3118,1.61545
3119,1.9568499999999998
3120,1.0816400000000008
3121,2.6957
3122,2.7031406000000002
3123,1.9685699999999995
3124,2.8713599999999984
3125,0.7204799999999996
3126,2.0660700000000003
3127,2.3397
3128,0.9890200000000006
3129,1.9480700000000002
3130,3.753611799999997
3131,1.3416900000000007
3132,2.52419
3133,1.1153399999999996
3134,2.5394201999999995
3135,2.050750000000001
3136,1.1022399999999997
3137,3.5401704000000014
3138,2.5150699999999993
3139,0.7260199999999999
3140,1.788779999999999
3141,0.9941399999999994
3142,1.04236
3143,2.037310000000001
3144,3.4643407999999987
3145,1.1338099999999998
3146,2.8351100999999987
3147,1.5934799999999998
3148,4.9892698999999885
3149,2.401330000000001
3150,0.7922999999999994
3151,2.8995000999999996
3152,3.6560911
3153,0.9100599999999995
3154,1.1163599999999998
3155,0.9083199999999999
3156,0.5964400000000001
3157,2.5357201
3158,2.127119999999999
3159,3.2556204999999987
3160,1.5875700000000001
3161,2.952520399999999
3162,2.2872100000000013
3163,2.0485999999999995
3164,2.905370099999999
3165,1.75827
3166,1.07105
3167,1.3512199999999999
3168,1.9651100999999997
3169,1.6044799999999992
3170,0.9519700000000009
3171,1.1358900000000003
3172,1.2262901000000002
3173,0.5380999999999999
3174,2.668180099999999
3175,0.8787500000000003
3176,1.5935500000000002
3177,2.9501901000000004
3178,2.6522708
3179,0.6640900000000002
3180,0.9383800000000002
3181,1.7921900000000002
3182,1.1892600000000002
3183,2.715320000000001
3184,3.836220499999998
3185,2.6378203000000027
3186,0.80798
3187,2.325610000000001
3188,0.9610799999999999
3189,0.9083000000000001
3190,2.5273000000000003
3191,2.44343
3192,1.0431199999999998
3193,1.4628199999999998
3194,3.1152900999999997
3195,1.5571700000000004
3196,3.9901319999999987
3197,1.73046
3198,1.1745500000000002
3199,1.45089
3200,2.1002600000000005
3201,1.5432200000000003
3202,3.905281799999997
3203,1.6170599999999995
3204,0.92356
3205,0.63532
3206,2.4229100000000012
3207,3.9732627
3208,2.3875399999999996
3209,0.95355
3210,3.525150200000001
3211,1.079879999999999
3212,3.2885804999999992
3213,2.2483601999999996
3214,1.9881499999999988
3215,3.840932199999999
3216,2.675489999999998
3217,0.8710100000000002
3218,2.971300100000001
3219,1.51312
3220,1.9587600000000003
3221,1.3721199999999993
3222,3.189421299999999
3223,0.7088599999999998
3224,2.3652299999999995
3225,2.906000300000001
3226,0.63948
3227,1.7126602000000002
3228,0.8083900000000002
3229,2.02389
3230,1.2746799999999998
3231,2.3607807000000007
3232,1.996830700000001
3233,2.6731300000000005
3234,1.41862
3235,3.4386600000000005
3236,1.1712700000000003
3237,0.9741700000000004
3238,1.35916
3239,2.0996299999999994
3240,1.563629999999999
3241,0.6030700000000001
3242,2.025159999999999
3243,1.9124099999999984
3244,1.6817199999999994
3245,2.08661
3246,2.170250000000001
3247,2.6562399999999995
3248,1.4483400000000004
3249,2.468030199999999
3250,1.6369400000000005
3251,2.9156701000000003
3252,0.9736699999999998
3253,0.8478399999999999
3254,2.6896000000000004
3255,0.6856199999999998
3256,3.7266028999999987
3257,1.4858800000000008
3258,1.7732499999999987
3259,1.0127399999999995
3260,1.9659599999999997
3261,3.54349
3262,1.6432899999999993
3263,1.1194899999999997
3264,4.543903299999998
3265,3.239211099999998
3266,2.4863599999999995
3267,0.7081999999999996
3268,1.8238799999999995
3269,3.647022
3270,4.384576899999993
3271,0.6730200000000004
3272,3.7312413999999996
3273,2.427390000000001
3274,1.6233699999999993
3275,1.83444
3276,0.7699598000000002
3277,1.6639699999999997
3278,2.72993
3279,4.199083899999998
3280,1.3976999999999995
3281,0.5707
3282,1.3493499999999994
3283,2.5162301
3284,2.34571
3285,0.6902899999999996
3286,1.3521199999999995
3287,2.66714
3288,1.0814400000000006
3289,2.140490000000001
3290,0.6297299999999999
3291,1.0776999999999999
3292,2.1741400000000004
3293,3.163729999999999
3294,1.15415
3295,1.6188700000000005
3296,0.7529600000000002
3297,2.2192499999999997
3298,2.7106801000000007
3299,1.0781999999999998
3300,2.0405400000000005
3301,2.4620499999999987
3302,1.4095299999999995
3303,2.2342400000000007
3304,1.4561399999999998
3305,2.2846699999999993
3306,1.4867200000000005
3307,1.9868704999999993
3308,1.3131099999999998
3309,2.0472399999999995
3310,1.8487799999999999
3311,1.5778100000000008
3312,1.9908100999999996
3313,2.8191200999999997
3314,3.9940412000000003
3315,1.7109699999999999
3316,2.16275
3317,2.17504
3318,4.036651899999999
3319,2.0987900999999995
3320,2.47967
3321,0.61109
3322,1.7437200000000004
3323,1.6469899999999993
3324,1.2316500000000006
3325,1.5670100000000002
3326,2.2898899999999998
3327,1.24987
3328,3.2912202999999995
3329,2.0471699999999995
3330,2.534569999999999
3331,1.5412100000000002
3332,1.6330700000000016
3333,4.226353099999999
3334,2.6618399999999998
3335,2.39644
3336,1.9334500000000008
3337,1.78434
3338,2.1678
3339,1.309439999999999
3340,4.002241399999997
3341,3.1717505000000004
3342,1.4103699999999997
3343,4.104210600000001
3344,1.8088901000000006
3345,1.6322699999999994
3346,3.7183108999999996
3347,2.7468999999999983
3348,1.4638
3349,0.84183
3350,2.8646100999999997
3351,2.6512203000000016
3352,3.2397802
3353,0.9033599999999997
3354,2.0469399999999993
3355,1.6017
3356,1.5309100000000004
3357,1.5440699999999998
3358,0.6016300000000002
3359,1.3954600000000008
3360,2.4554502999999994
3361,1.9530299999999974
3362,2.15068
3363,1.0238900000000004
3364,2.1368800000000006
3365,2.45471
3366,1.47887
3367,1.5301900000000002
3368,2.490180000000001
3369,0.6359699999999994
3370,1.4040399999999997
3371,1.6733099999999999
3372,4.447572300000001
3373,1.8442699999999996
3374,2.0915999999999997
3375,3.3122000000000003
3376,1.35775
3377,1.2332499999999993
3378,2.0392600000000005
3379,2.760769999999999
3380,3.8546107000000007
3381,1.9743103
3382,1.5000100000000003
3383,1.22567
3384,2.763129999999998
3385,3.4800119999999977
3386,4.305742299999997
3387,1.7561699999999993
3388,2.11709
3389,0.83266
3390,0.9111499999999997
3391,2.784590100000001
3392,2.038240000000001
3393,2.5892800000000005
3394,3.292200399999999
3395,2.5191901999999993
3396,0.6983199999999999
3397,1.8555299999999986
3398,1.1739399999999995
3399,3.3970709999999995
3400,1.7308399999999997
3401,1.0060899999999997
3402,2.2467399999999986
3403,0.6627299999999997
3404,1.9518799999999987
3405,2.06165
3406,3.092500200000001
3407,3.997152400000001
3408,2.26562
3409,1.2727000000000008
3410,3.2672103999999997
3411,1.1910600000000005
3412,2.6886704
3413,1.19583
3414,1.4625099999999998
3415,1.0785000000000002
3416,3.3410605999999996
3417,0.7377099999999994
3418,1.23723
3419,1.8521599999999976
3420,2.17161
3421,1.9886100000000002
3422,2.34829
3423,3.3489501
3424,2.1858499999999985
3425,0.7250397000000003
3426,2.576729999999999
3427,1.05369
3428,0.5177399999999998
3429,2.147499999999999
3430,0.7964400000000001
3431,3.3368400000000005
3432,1.87286
3433,2.8917599999999997
3434,1.9492499999999995
3435,0.8745400000000002
3436,0.86749
3437,1.5058699999999996
3438,1.3064599999999995
3439,2.222950100000001
3440,1.66569
3441,0.8256800000000003
3442,2.0664099999999994
3443,0.6913800000000002
3444,1.9036000000000006
3445,1.3949200000000002
3446,1.4320700000000002
3447,0.8441299999999999
3448,1.744089999999999
3449,1.2567599999999997
3450,1.8485100000000005
3451,0.8876100000000002
3452,1.6146900000000004
3453,2.631110099999999
3454,2.769070000000001
3455,2.458230000000001
3456,1.4651700000000005
3457,2.468919999999999
3458,3.524230299999999
3459,0.8134799999999999
3460,1.57483
3461,1.6101999999999999
3462,3.2608811999999983
3463,2.0510899999999994
3464,1.2960799999999995
3465,1.0142499999999999
3466,1.6817000000000002
3467,2.2429999999999994
3468,0.6463400000000002
3469,1.6102801
3470,2.28501
3471,1.7480600000000004
3472,1.6790800000000017
3473,1.4532999999999998
3474,1.7331899999999993
3475,1.6813499999999988
3476,1.7500000000000007
3477,1.1459099999999998
3478,1.660439999999999
3479,2.1471500000000003
3480,1.2606900000000003
3481,1.7675401000000006
3482,3.999381499999999
3483,1.3268700000000002
3484,0.8790299999999998
3485,2.943729999999998
3486,4.267012699999999
3487,1.16911
3488,1.0641500000000002
3489,1.9198299999999995
3490,2.85599
3491,0.9891500000000003
3492,1.5897899999999994
3493,4.485656199999993
3494,1.0397400000000003
3495,3.986062599999997
3496,1.1858200000000003
3497,1.1869500000000004
3498,1.3810500000000006
3499,4.265822499999998
3500,4.97660949999999
3501,3.0222105000000012
3502,1.1432599999999993
3503,2.5299508
3504,1.0630499999999998
3505,1.6170299999999986
3506,1.89632
3507,1.714139999999999
3508,1.8388099999999994
3509,0.6804499999999998
3510,1.8291199999999999
3511,2.397729999999998
3512,0.8856500000000005
3513,4.232241799999999
3514,1.5224999999999997
3515,2.1643299999999996
3516,1.1529800000000003
3517,1.4332399999999998
3518,2.285459999999999
3519,0.6927899999999997
3520,1.4593400000000005
3521,0.7094999999999999
3522,2.424340000000002
3523,4.007340899999997
3524,4.159511199999998
3525,2.434790099999999
3526,0.79562
3527,3.524549999999999
3528,0.7269199999999999
3529,0.6055899999999999
3530,1.3139900000000007
3531,0.72391
3532,1.2437699999999996
3533,0.6810699999999998
3534,0.9578899999999999
3535,2.6394901999999987
3536,2.18908
3537,2.3935600999999993
3538,1.9959400000000014
3539,0.8279299999999998
3540,3.287210300000001
3541,0.8963
3542,1.9091800999999993
3543,0.89271
3544,2.781220099999999
3545,2.7219399999999996
3546,1.4796600000000006
3547,0.6576
3548,1.4196900000000006
3549,1.2512800000000004
3550,1.8523299999999998
3551,3.0629401
3552,3.3751812000000014
3553,1.16377
3554,1.4435300000000004
3555,1.0086000000000002
3556,1.7219100000000003
3557,1.0341499999999995
3558,4.704065699999992
3559,4.669546899999995
3560,1.3950900000000006
3561,0.7631300000000003
3562,2.8503100999999993
3563,2.3216
3564,2.6163699999999994
3565,1.7693100000000002
3566,1.7864300000000002
3567,0.7436199999999998
3568,4.381282899999995
3569,0.8998999999999998
3570,2.6288600000000004
3571,1.3607899999999997
3572,3.987221199999997
3573,1.8200799999999995
3574,1.6684299999999999
3575,2.1763601999999986
3576,1.0689400000000004
3577,1.5168799999999987
3578,1.7782199999999988
3579,3.27318
3580,1.7628799999999998
3581,0.6891300000000002
3582,1.2122600000000003
3583,1.6286899999999995
3584,1.7587500999999994
3585,1.1418900000000003
3586,1.7320000999999998
3587,3.699361699999999
3588,2.1518401
3589,2.1945899999999985
3590,0.6294700000000002
3591,2.5248500999999997
3592,1.9980500000000012
3593,1.0125400000000004
3594,0.8191299999999998
3595,0.9644600000000001
3596,1.1681999999999995
3597,2.873710199999999
3598,2.6872001000000005
3599,2.8586499999999995
3600,1.4794099999999994
3601,2.3417900000000005
3602,0.6858299999999999
3603,1.8955800000000003
3604,2.4976901
3605,3.523880100000001
3606,2.2215199999999995
3607,2.6742304999999997
3608,3.7186613999999985
3609,2.2771099999999995
3610,3.2444602000000016
3611,1.9113801000000001
3612,2.3314201000000003
3613,1.684409999999999
3614,1.12262
3615,2.8456401000000016
3616,3.926292999999999
3617,1.941489999999999
3618,4.4800621
3619,2.40924
3620,0.74714
3621,3.2108301
3622,3.4527503999999998
3623,2.5826399999999996
3624,0.5373199999999995
3625,0.8940699999999999
3626,2.0465299999999997
3627,1.23622
3628,1.6099100000000006
3629,1.2181200000000003
3630,1.22144
3631,3.5735304999999977
3632,2.7621499999999997
3633,1.2699699999999998
3634,3.5223713000000005
3635,1.1952899999999997
3636,0.8163199999999997
3637,1.3588599999999997
3638,2.504990000000001
3639,2.33806
3640,3.5139008
3641,1.1567
3642,1.04819
3643,1.3175099999999988
3644,2.6757201
3645,4.295214199999997
3646,3.638761700000001
3647,1.0531199999999994
3648,1.1982899999999999
3649,2.1619800000000002
3650,1.9938807999999997
3651,1.0658
3652,0.7930499999999999
3653,3.693601199999998
3654,2.24629
3655,3.596112199999997
3656,2.0012499999999998
3657,4.147331799999998
3658,0.9670199999999995
3659,0.9196500000000003
3660,0.7783300000000001
3661,1.884389999999999
3662,1.44099
3663,1.1500900000000003
3664,0.90643
3665,2.1052800000000005
3666,1.3241099999999997
3667,0.7704301000000003
3668,4.254573899999996
3669,2.1109301
3670,1.4275200000000006
3671,4.693367099999992
3672,3.294511699999999
3673,3.4385905999999995
3674,2.8549001999999986
3675,1.0007800000000004
3676,2.3125300000000006
3677,2.7750901000000003
3678,2.91965
3679,0.9666299999999995
3680,0.9801499999999996
3681,2.1942100000000013
3682,1.8509599999999993
3683,3.8803619999999976
3684,3.7748318999999975
3685,2.6711003
3686,1.7458901999999994
3687,4.825087699999993
3688,2.7236999999999996
3689,0.7484199999999994
3690,1.3075400000000001
3691,1.1803699999999997
3692,0.6708599999999998
3693,1.7147000000000012
3694,1.0411099999999995
3695,1.29381
3696,1.6105000000000005
3697,1.2032000000000003
3698,4.718175699999992
3699,0.8602200000000004
3700,1.7292400000000003
3701,1.7033899999999995
3702,1.8397301000000008
3703,1.7383600000000001
3704,2.428580000000001
3705,2.76407
3706,0.9119200000000006
3707,0.9626600000000001
3708,2.1917799999999996
3709,3.7658510999999986
3710,1.32193
3711,0.5936300000000002
3712,0.58763
3713,1.1721899999999998
3714,2.238659999999999
3715,1.2068700000000003
3716,1.6967600000000005
3717,3.1442601000000012
3718,3.633620499999999
3719,2.09323
3720,0.7871499999999998
3721,3.122051299999999
3722,2.1857399999999982
3723,1.16822
3724,1.3343599999999998
3725,0.6703999999999999
3726,1.2426399999999997
3727,2.12809
3728,1.1607500000000004
3729,1.06092
3730,1.0210299999999992
3731,1.055320000000001
3732,0.7656299999999997
3733,0.9534199999999997
3734,1.6411100000000007
3735,1.0403700000000002
3736,1.144400000000001
3737,1.8358800000000002
3738,1.10746
3739,2.0445899999999986
3740,1.6969299999999998
3741,1.0691400000000006
3742,0.7259999999999996
3743,1.2731400000000002
3744,1.0220000000000007
3745,0.5744699999999998
3746,1.02345
3747,1.908500000000001
3748,2.2655099999999986
3749,4.992059399999989
3750,1.3696500000000007
3751,1.0292199999999998
3752,0.7828000000000002
3753,0.6790200000000002
3754,1.706089999999999
3755,3.2987118999999994
3756,2.433110000000002
3757,2.769000199999998
3758,1.11915
3759,2.20534
3760,2.8446699999999994
3761,2.938880599999999
3762,0.7871200000000003
3763,2.1921500000000007
3764,1.0385900000000001
3765,0.9554400000000005
3766,0.9407100000000003
3767,2.2144400000000006
3768,3.1014104
3769,3.2682906999999997
3770,2.403459999999999
3771,1.0667199999999994
3772,2.0502000000000002
3773,1.1879600000000006
3774,1.3314999999999995
3775,2.7798900999999994
3776,4.135731599999997
3777,1.28697
3778,1.6756499999999994
3779,2.974420100000001
3780,3.0214800000000004
3781,1.6364000000000005
3782,1.72303
3783,0.8860000000000001
3784,0.4900999999999999
3785,2.3950899999999997
3786,2.08129
3787,4.784865899999991
3788,4.4328824999999945
3789,2.280030000000001
3790,2.1458399999999993
3791,1.2867000000000002
3792,4.040380100000001
3793,1.32256
3794,2.343470000000001
3795,1.3173500000000005
3796,1.1689999999999998
3797,1.980710000000001
3798,0.8981199999999997
3799,1.8206399999999996
3800,2.09261
3801,4.191331599999998
3802,1.8820899999999992
3803,0.97425
3804,1.9009800000000008
3805,0.8370700000000002
3806,2.4965499999999996
3807,3.1256405999999997
3808,2.8253299999999997
3809,1.9487200000000007
3810,0.9448800000000002
3811,1.6250199999999995
3812,2.35206
3813,0.7392599999999999
3814,3.014100499999999
3815,1.0039099999999999
3816,1.95687
3817,1.2778999999999994
3818,2.2887899999999997
3819,4.1993605
3820,2.843720099999999
3821,1.3230600000000001
3822,1.6374500000000005
3823,2.6206299999999993
3824,1.6742900000000003
3825,4.765455299999997
3826,2.089299999999999
3827,1.6011900000000008
3828,2.510360400000002
3829,1.6474400000000005
3830,3.7178608999999976
3831,1.5051699999999995
3832,4.118841099999997
3833,0.8907197000000003
3834,4.054531
3835,3.4082100000000004
3836,3.7447632999999967
3837,1.5268099999999996
3838,5.000009999999989
3839,1.9132801000000002
3840,2.001020000000001
3841,1.0547300000000006
3842,1.0034999999999998
3843,4.250761599999997
3844,2.8772202000000004
3845,0.7418399999999999
3846,3.011971099999999
3847,2.4590699999999996
3848,2.5194000999999986
3849,2.1767
3850,3.0858899999999982
3851,1.1207799999999992
3852,1.56433
3853,0.9883601999999999
3854,2.1795399999999994
3855,1.7101499999999996
3856,1.1933299999999991
3857,1.7329799999999986
3858,1.3282399999999996
3859,1.053470000000001
3860,1.9298499999999987
3861,2.223579999999999
3862,1.3070899999999994
3863,0.9534199999999999
3864,3.1571100999999997
3865,4.279911099999997
3866,1.56753
3867,3.523590599999999
3868,1.5231400000000002
3869,2.4967701
3870,1.9194600999999998
3871,0.9861200000000001
3872,1.2717499999999995
3873,2.0793599999999994
3874,3.370091099999999
3875,2.08666
3876,1.16106
3877,3.573670999999999
3878,3.155140399999999
3879,1.8413000000000006
3880,0.7762200000000005
3881,1.0553899999999996
3882,1.2233999999999998
3883,2.4280200999999986
3884,1.90895
3885,2.64733
3886,1.3753600000000004
3887,1.9043999999999999
3888,1.4476100000000005
3889,1.3148099999999994
3890,2.3543799999999995
3891,1.3129600000000006
3892,2.05584
3893,2.932330300000001
3894,1.54744
3895,3.5403812999999995
3896,3.260410200000001
3897,1.3301099999999995
3898,2.567260299999999
3899,1.07434
3900,1.4149399999999996
3901,1.62959
3902,1.5362500000000006
3903,0.9098700000000001
3904,1.4147400000000008
3905,2.75766
3906,3.7629907999999985
3907,2.6312499999999996
3908,1.0302499999999997
3909,3.7909006999999986
3910,3.1662219
3911,1.4135600000000001
3912,1.19518
3913,0.8752599999999999
3914,1.9146599999999996
3915,2.9764203999999994
3916,1.87655
3917,2.6777602000000003
3918,0.74072
3919,2.3237300000000003
3920,1.1205300000000005
3921,0.9574999999999995
3922,1.8406599999999995
3923,4.903958199999992
3924,2.3722003999999988
3925,2.403950099999999
3926,3.6857720999999977
3927,2.4863700999999985
3928,0.5534199999999996
3929,3.292760199999998
3930,1.3435499999999998
3931,3.0659302000000004
3932,1.6287
3933,1.2134400000000003
3934,4.716955199999992
3935,1.57252
3936,2.45739
3937,1.6822500000000002
3938,0.7225699999999996
3939,2.9369327999999997
3940,1.1997799999999998
3941,1.02131
3942,3.461230499999997
3943,1.7630999999999992
3944,0.9732899999999998
3945,0.8736700000000005
3946,2.0382599999999993
3947,2.543539999999999
3948,2.8484107
3949,2.7727413999999992
3950,3.5894305999999996
3951,1.4413100000000003
3952,2.2359899999999984
3953,1.3880800000000009
3954,2.5954401000000002
3955,2.730220299999999
3956,0.7279899999999997
3957,3.6787911
3958,2.9946903000000002
3959,2.110149999999999
3960,0.9719600000000007
3961,1.3546200000000002
3962,1.59849
3963,1.334440000000001
3964,2.1988500000000015
3965,1.1117299999999997
3966,1.7828600000000008
3967,1.8532699999999998
3968,1.6221499999999995
3969,1.99864
3970,2.21138
3971,1.9447000000000012
3972,2.8007801999999993
3973,3.065060099999999
3974,1.9682700000000002
3975,0.7198300000000002
3976,3.059620100000001
3977,1.854229999999999
3978,3.2296703000000004
3979,1.3231600000000003
3980,1.9575300000000002
3981,2.483640200000001
3982,1.7455599999999996
3983,1.8451399999999998
3984,3.0704000999999987
3985,0.7596399999999999
3986,3.0703300000000002
3987,2.9252401
3988,2.105499999999999
3989,1.9897699999999998
3990,3.755770499999999
3991,1.9320801000000003
3992,2.0878699999999992
3993,4.96520979999999
3994,1.9032400999999999
3995,2.1805099999999986
3996,1.5359000000000003
3997,1.3093500000000002
3998,1.7122500999999994
3999,2.376589999999999
4000,2.6118999999999994
4001,0.5357
4002,0.8966000000000001
4003,3.2344701000000002
4004,1.11607
4005,1.6063599999999996
4006,4.079692499999997
4007,3.2060705999999994
4008,1.2548900000000005
4009,0.8510198999999997
4010,2.5366199999999983
4011,1.7835599999999994
4012,2.3615501000000005
4013,2.2647399999999998
4014,1.7050900000000007
4015,2.6324702999999996
4016,3.4655715999999988
4017,1.1463099999999997
4018,1.16819
4019,2.3438899999999987
4020,4.1890731999999975
4021,2.9342704999999993
4022,2.2195401000000015
4023,1.8785799999999993
4024,3.615060399999998
4025,2.652290000000001
4026,3.0900900999999994
4027,2.8841900000000003
4028,2.0202700999999994
4029,2.5146900000000003
4030,2.909399999999997
4031,2.59593
4032,0.52216
4033,2.23066
4034,1.4345499999999995
4035,1.9340299999999988
4036,1.9603899999999999
4037,2.2553300000000016
4038,1.0569300000000001
4039,0.9533900000000003
4040,1.3546799999999997
4041,2.1641502
4042,0.83404
4043,0.9973200000000007
4044,0.7897600000000001
4045,1.2571799999999995
4046,2.6060900000000005
4047,0.5157899999999997
4048,1.6878299999999995
4049,1.2108400000000004
4050,1.8143300000000004
4051,2.448870100000001
4052,3.682262999999998
4053,2.6502502000000003
4054,2.6529700999999988
4055,1.0714100000000002
4056,4.116602699999998
4057,2.22571
4058,1.5028699999999997
4059,1.80799
4060,2.377520099999999
4061,1.800079999999999
4062,1.1142700000000005
4063,1.4433599999999995
4064,1.5811000000000002
4065,1.6413
4066,1.6064399999999999
4067,1.61011
4068,1.17598
4069,1.7696299999999991
4070,0.7853800000000003
4071,1.5846799999999994
4072,1.3936700000000004
4073,1.05279
4074,1.548670000000001
4075,2.7806400999999994
4076,1.4776700000000003
4077,1.7050899999999996
4078,0.6861900000000002
4079,2.2210299999999985
4080,1.6620400999999994
4081,1.2780000000000005
4082,0.9919600000000004
4083,0.7998700000000001
4084,1.8503700000000003
4085,2.481300000000001
4086,1.8311200000000003
4087,1.7232400000000003
4088,2.227479999999999
4089,2.720820000000001
4090,1.8004899999999993
4091,1.4264899999999991
4092,2.9866008000000006
4093,1.9086700000000005
4094,2.3940399999999995
4095,4.92679829999999
4096,0.6796500000000001
4097,3.593231899999998
4098,3.783382099999999
4099,1.10127
4100,0.6501199999999998
4101,1.0973799999999998
4102,0.7271800000000005
4103,2.6980001
4104,1.6031399999999993
4105,3.386590200000001
4106,3.8241926999999976
4107,1.8958799999999993
4108,1.2093800000000001
4109,4.3147638999999955
4110,4.323273
4111,2.2262899999999997
4112,1.8013900000000005
4113,1.9795299999999991
4114,0.88406
4115,2.7261505
4116,1.63451
4117,1.1144000000000003
4118,4.554485199999995
4119,0.9847799999999998
4120,1.1738400000000007
4121,4.072292000000001
4122,4.857057399999992
4123,2.1492400000000003
4124,2.070310000000001
4125,4.717907899999993
4126,0.7062599999999999
4127,1.70212
